<?xml version="1.0" encoding="UTF-8"?>
<?NLS TYPE="org.eclipse.help.toc"?>
<toc label="订单处理" topic="c_wm_op_order_processing_overview.html">
<topic label="订单处理">
<topic label="订单处理概述" href="c_wm_op_order_processing_overview.html"/>
<topic label="订单处理工作流程" href="c_wm_op_order_processing_workflow.html"/>
<topic label="必要的订单处理配置" href="c_wm_op_prerequisite_order_processing_configuration.html"/>
</topic>
<topic label="出货订单">
<topic label="出货订单概述" href="shipment_order_help.html"/>
<topic label="创建出货订单" href="t_wm_op_creating_a_shipment_order.html"/>
<topic label="使用快速数据输入创建出货订单" href="shipment_order_quick_entry_help.html"/>
<topic label="使用快速数据输入添加订单明细" href="shipment_order_quick_entry_detail_help.html"/>
<topic label="在出货订单中输入托盘交换信息" href="shipment_order_pallet_exchange_tracking.html"/>
<topic label="在出货订单中计费" href="shipment_order_charge_info_help.html">
<topic label="在出货订单中添加计费费用信息" href="shipment_order_adding_charge_info.html"/>
<topic label="为计费费用更改出货事务日期" href="c_wm_op_chg_ship_trans_date_bill_chrgs.html">
<topic label="修改拣货明细行的事务日期" href="c_wm_op_modify_trans_date_pick_detail_line.html"/>
<topic label="修改订单明细行的事务日期" href="c_wm_op_modify_trans_date_order_detail_line.html"/>
<topic label="修改订单的事务日期" href="c_wm_op_modify_trans_date_order_.html"/>
</topic>
<topic label="射频杂项费用" href="shipment_order_rf_misc_charge.html"/>
</topic>
<topic label="其他出货订单屏幕字段" href="c_wm_op_additional_shipment_order_detail_screen_fields.html"/>
<topic label="查看订单状态历史" href="t_wm_op_viewing_order_status_history.html"/>
</topic>
<topic label="个性化">
<topic label="个性化概述" href="c_wm_op_personalization_overview.html"/>
<topic label="手工添加增值服务" href="t_wm_op_personalization_manually_add_vas.html"/>
</topic>
<topic label="分配">
<topic label="分配概述" href="c_wm_op_allocation_overview.html"/>
<topic label="分配订单" href="t_wm_op_allocating_orders.html"/>
<topic label="查看拣货明细信息" href="pick_detail_help.html"/>
<topic label="从出货订单屏幕针对订单进行拣货" href="t_wm_op_picking_from_so_screen.html"/>
<topic label="分配替代货品" href="c_wm_op_allocation_substitution.html"/>
<topic label="撤消分配订单" href="c_wm_op_unallocating_order.html">
<topic label="从出货订单屏幕撤消分配订单" href="t_wm_op_unallocating_from_so_screen.html"/>
<topic label="撤消分配拣货明细行" href="unallocate_pick_detail_lines_help.html"/>
<topic label="撤消分配订单明细行" href="unallocate_order_detail_lines_help.html"/>
<topic label="撤消分配出货订单" href="unallocate_shipment_orders_help.html"/>
</topic>
<topic label="查看货箱明细" href="container_details_help.html"/>
</topic>
<topic label="订单暂挂">
<topic label="冻结订单概述" href="order_suspension_help.html"/>
<topic label="冻结订单" href="t_wm_op_suspending_orders.html"/>
<topic label="发放冻结订单" href="t_wm_op_releasing_suspended_orders.html"/>
</topic>
<topic label="按冻结代码进行分配">
<topic label="冻结分配概述" href="c_wm_op_hold_allocation_overview.html"/>
<topic label="冻结分配规则" href="c_wm_op_hold_allocation_rules.html"/>
<topic label="配置冻结分配" href="c_wm_op_configuring_hold_allocation.html">
<topic label="订单类型配置" href="t_wm_op_configuring_hold_allocation_order_type.html"/>
<topic label="冻结代码分配配置" href="t_wm_op_configuring_hold_allocation_config_hold_code.html"/>
</topic>
</topic>
</toc>
