<?xml version="1.0" encoding="UTF-8"?>
<?NLS TYPE="org.eclipse.help.toc"?>
<toc label="Small Parcel Shipping" topic="c_wm_sps_overview.html">
<topic label="Overview" href="c_wm_sps_overview.html"/>
<topic label="Configuring WM to Infor SPS Interface">
<topic label="Enabling Infor SPS" href="t_wm_sps_configuration_enable_sps.html"/>
<topic label="Configuring the owner" href="t_wm_sps_configuration_configure_owner.html"/>
<topic label="Adding and Configuring Carriers" href="t_wm_sps_configuration_configure_add_carriers.html"/>
<topic label="Configuring special services" href="t_wm_sps_configuration_configure_special_services.html"/>
</topic>
<topic label="Labeling and Rating from WM" href="c_wm_sps_labeling_rating.html">
<topic label="Printing Labels after Wave Allocation and Release" href="t_wm_sps_labeling_rating_print_wave_alloc_release.html"/>
<topic label="WM-SPS Touch Point/Interface Matrix" href="c_wm_sps_labeling_rating_touchpoint_interface.html"/>
<topic label="Rating and Labeling a Package on Check Pack Screen" href="check_pack_help.html"/>
<topic label="Unpacking the contents to another package" href="t_wm_sps_labeling_rating_unpack_to_another_package.html"/>
<topic label="Capture Serial Numbers" href="t_wm_sps_labeling_rating_capture_serial_numbers.html"/>
<topic label="RF - Printing label" href="c_wm_sps_labeling_rating_rf_printing_label.html"/>
</topic>
<topic label="LTL Package Processing">
<topic label="RF LTL Check Weight Screen" href="t_wm_sps_ltl_package_processing_RF_check_wgt_screen.html"/>
<topic label="RF LTL Rate Screen" href="t_wm_sps_ltl_package_processing_RF_ltl_rate_screen.html"/>
</topic>
<topic label="Viewing parcel package transactions in WM" href="parcel_package_transactions_help.html"/>
<topic label="International Shipping" href="c_wm_sps_international_shipping.html"/>
<topic label="Communication between Infor10 SCE Warehouse Management module and Infor SPS" href="c_wm_sps_communication_wm_and_sps.html">
<topic label="Example of API Request and Response" href="c_wm_sps_communication_wm_and_sps_api_req_res.html"/>
<topic label="Field mapping" href="c_wm_sps_communication_wm_and_sps_field_mapping.html"/>
</topic>
</toc>
