<?xml version="1.0" encoding="UTF-8"?>
<?NLS TYPE="org.eclipse.help.toc"?>
<toc label="工作订单" topic="c_wm_work_order_work_order_overview.html">
<topic label="工作订单">
<topic label="工作订单概述" href="c_wm_work_order_work_order_overview.html"/>
</topic>
<topic label="工作订单处理流程">
<topic label="工作订单处理流程" href="c_wm_work_order_work_order_process_flow.html"/>
</topic>
<topic label="工作订单配置">
<topic label="定义工序" href="operations_help.html"/>
<topic label="维护工作中心" href="work_center_help.html"/>
<topic label="维护物料清单" href="work_order_bill_of_material_help.html"/>
<topic label="工艺流程" href="routing_help.html"/>
<topic label="全局首选项" href="global_preferences_help.html"/>
</topic>
<topic label="工作中心管理">
<topic label="工作订单处理概述" href="work_order_management_help.html"/>
<topic label="添加工作订单" href="t_wm_work_order_adding_a_work_order.html"/>
<topic label="在波次计划中创建工作订单" href="t_wm_work_order_create_work_orders_in_wp.html"/>
<topic label="组合工作订单" href="t_wm_work_order_combining_work_orders.html"/>
<topic label="预分配工作订单" href="t_wm_work_order_pre_allocating_work_orders.html"/>
<topic label="监控工作订单" href="t_wm_work_order_monitoring_work_orders.html"/>
<topic label="动态 BOM/工艺流程模板" href="t_wm_work_order_dynamic_bom_routing_template.html"/>
</topic>
<topic label="作业管理">
<topic label="作业管理概述" href="job_management_help.html"/>
<topic label="发放工作订单" href="t_wm_work_order_releasing_work_orders.html"/>
</topic>
<topic label="工作订单功能处理">
<topic label="RF 装置拣货概述" href="c_wm_work_order_rf_device_pick_overview.html"/>
<topic label="使用 RF 装置拣选组件" href="t_wm_work_order_picking_comps_using_an_rf_device.html"/>
<topic label="工作订单控制/更新（装配工序）" href="t_wm_work_order_control_update.html"/>
<topic label="进行例外处理" href="t_wm_work_order_exception_handling.html"/>
</topic>
</toc>
