<?xml version="1.0" encoding="UTF-8"?>
<?NLS TYPE="org.eclipse.help.toc"?>
<toc label="库存管理" topic="c_wm_inv_inventory_management.html">
<topic label="库存管理">
<topic label="库存管理概述" href="c_wm_inv_inventory_management.html"/>
</topic>
<topic label="库存调整">
<topic label="库存调整概述" href="adjustment_help.html"/>
<topic label="通过工作站调整库存" href="c_wm_inv_adjust_inventory_workstn.html">
<topic label="添加调整" href="t_wm_inv_performing_an_adjustment.html"/>
</topic>
<topic label="库存调整的计费费用信息" href="adjustment_charge_info.html">
<topic label="更改计费费用的调整事务日期" href="t_wm_inv_chg_adj_trans_date_bill_chg.html"/>
</topic>
<topic label="使用 RF 调整库存" href="c_wm_inv_adjusting_inventory_using_rf.html">
<topic label="授予用户权限" href="t_wm_inv_granting_user_permissions.html"/>
<topic label="执行 RF 调整" href="t_wm_inv_performing_an_rf_adjustment.html"/>
</topic>
</topic>
<topic label="库存转移">
<topic label="库存转移概述" href="c_wm_inv_inventory_transfer_overview.html"/>
<topic label="一次转移一个托盘标签">
<topic label="针对一条库存记录执行传统的库存转移" href="internal_transfer_help.html">
<topic label="更改计费费用的事务日期" href="t_wm_inv_chg_trans_date_bill_chrgs.html"/>
</topic>
<topic label="查看事务结果" href="t_wm_inv_view_result_trans.html"/>
</topic>
<topic label="一次转移多个托盘标签" href="c_wm_inv_transfer_mult_lic_plt_one.html">
<topic label="执行成批库存转移" href="mass_internal_transfer_help.html"/>
<topic label="查看事务结果" href="t_wm_inv_result_trans_one_lic_plate.html"/>
</topic>
</topic>
<topic label="库存移动">
<topic label="移动库存" href="inventory_move_help.html"/>
<topic label="使用射频辅助式和射频定向式移动" href="c_wm_inv_use_rf_assist_direct_moves.html">
<topic label="使用 RF 查询选项的常见示例" href="t_wm_inv_common_ex_using_rf_inq_opt.html"/>
</topic>
<topic label="执行工作站移动" href="c_wm_inv_perform_workstation_moves.html">
<topic label="在库存移动屏幕中执行移动" href="t_wm_inv_move_on_inv_moves_scrn.html"/>
</topic>
<topic label="执行射频辅助式移动" href="c_wm_inv_perform_rf_assisted_moves.html">
<topic label="执行射频辅助式移动" href="c_wm_inv_perform_other_rf_assist_move.html">
<topic label="使用标准移动 RF 选项" href="t_wm_inv_use_standard_move_rf_option.html"/>
<topic label="使用 LPN 移动 RF 选项" href="t_wm_inv_use_lpn_move_rf_option.html"/>
</topic>
<topic label="在移动期间进行任务分配" href="task_assignment_during_move.html"/>
</topic>
<topic label="移动已冻结库存" href="moving_held_inventory.html"/>
<topic label="执行射频定向式移动" href="c_wm_inv_perform_rf_directed_moves.html">
<topic label="生成移动任务" href="t_wm_inv_generating_a_move_task.html"/>
<topic label="执行射频定向式移动" href="t_wm_inv_perform_rf_directed_move.html"/>
</topic>
<topic label="移动已拣货库存" href="t_wm_inv_moving_picked_inventory.html"/>
</topic>
<topic label="库存冻结">
<topic label="库存冻结概述" href="c_wm_inv_inventory_hold_overview.html"/>
<topic label="使用库存冻结" href="c_wm_inv_using_inventory_holds.html"/>
<topic label="创建库存冻结原因代码" href="c_wm_inv_create_inv_hold_reason_code.html">
<topic label="创建有效的冻结原因代码" href="t_wm_inv_create_val_hld_reason_code.html"/>
</topic>
<topic label="在收货期间冻结产品" href="c_wm_inv_place_product_on_hold_rcv.html">
<topic label="收货时自动冻结库存" href="t_wm_inv_put_inv_on_hold_auto_rcpt.html"/>
<topic label="为工作站收货冻结库存" href="t_wm_inv_put_inv_on_hold_wrkstn_rcpt.html"/>
<topic label="RF 收货期间冻结库存" href="t_wm_inv_put_inv_on_hold_rf_rcpt.html"/>
</topic>
<topic label="使用 RF 管理冻结项" href="managing_holds_rf.html">
<topic label="通过 RF 创建批冻结项" href="managing_holds_create_lot_holds_rf.html"/>
<topic label="通过 RF 创建托盘标签冻结项" href="managing_holds_create_lpn_holds_rf.html"/>
<topic label="通过 RF 创建库位冻结项" href="managing_holds_create_location_holds_rf.html"/>
<topic label="通过 RF 查看和删除库存冻结" href="managing_holds_view_remove_holds_rf.html"/>
</topic>
<topic label="验证冻结" href="inventory_holds_help.html">
<topic label="库存余额" href="t_wm_inv_inventory_balances.html"/>
<topic label="冻结维护" href="t_wm_inv_hold_maintenance.html"/>
</topic>
<topic label="使用库存冻结项维护创建冻结项" href="c_wm_inv_create_holds_maintenance.html">
<topic label="按批号创建冻结项" href="t_wm_inv_create_holds_by_lot_number.html"/>
<topic label="按库位创建冻结项" href="t_wm_inv_creating_holds_by_location.html"/>
<topic label="按托盘标签创建冻结项" href="t_wm_inv_create_holds_license_plate.html"/>
</topic>
<topic label="查看冻结库存" href="held_inventory_help.html"/>
<topic label="解除库存冻结" href="c_wm_inv_removing_inventory_holds.html">
<topic label="使用冻结项维护解除冻结" href="t_wm_inv_release_using_holds_mainten.html"/>
<topic label="使用冻结的库存查询解除冻结" href="t_wm_inv_release_using_held_inv_inq.html"/>
</topic>
<topic label="使用“库位”屏幕冻结库存" href="c_wm_inv_place_inv_on_hold_loc_scrn.html">
<topic label="冻结库位" href="t_wm_inv_placing_a_location_on_hold.html"/>
<topic label="解除库位冻结" href="t_wm_inv_releasing_hold_on_location.html"/>
</topic>
</topic>
<topic label="执行周期盘点">
<topic label="周期盘点概述" href="c_wm_inv_cycle_count_overview.html"/>
<topic label="使用周期盘点" href="c_wm_inv_using_cycle_counts.html"/>
<topic label="周期盘点类型" href="c_wm_inv_cycle_count_types.html"/>
<topic label="射频辅助式周期盘点配置" href="c_wm_inv_rfassist_cycle_count_config.html">
<topic label="查看射频辅助式周期盘点" href="c_wm_inv_review_rf_assist_cyc_cnts.html"/>
<topic label="执行射频辅助式周期盘点" href="t_wm_inv_perform_rfassisted_cycl_cnt.html">
<topic label="按批次、库位和托盘标签执行辅助式周期盘点" href="t_wm_inv_assisted_cyc_ct_lot_loc_lic.html"/>
<topic label="按货品和库位执行辅助式周期盘点" href="t_wm_inv_assisted_cyc_cnt_item_loc.html"/>
</topic>
</topic>
<topic label="任务管理器/射频定向式周期盘点设置" href="c_wm_inv_tsk_mgr_rfdir_cyc_cnt_conf.html">
<topic label="配置价值差异" href="t_wm_inv_configuring_value_variances.html"/>
<topic label="创建周期盘点级别" href="t_wm_inv_creating_a_cycle_class.html"/>
<topic label="任务管理器（射频定向式）周期盘点" href="t_wm_inv_task_mgr_rfdirect_cycle_cts.html"/>
<topic label="为货品分配周期盘点级别" href="t_wm_inv_assign_cycle_class_to_item.html"/>
<topic label="射频定向式周期盘点验证方法" href="c_wm_inv_rfdirect_cyc_cnt_verif_meth.html"/>
</topic>
<topic label="创建请求盘点" href="request_to_count_help.html">
<topic label="在工作站中创建请求盘点" href="t_wm_inv_create_req_count_on_wrkstn.html"/>
</topic>
<topic label="创建请求盘点" href="request_to_count_help.html">
<topic label="使用 RF 装置创建请求盘点" href="t_wm_inv_create_req_cnt_rf_device.html"/>
<topic label="修改请求盘点" href="t_wm_inv_modify_request_to_count.html"/>
<topic label="删除请求盘点" href="t_wm_inv_deleting_a_request_to_count.html"/>
</topic>
<topic label="公布任务管理器/射频定向式周期盘点" href="release_cycle_count_help.html">
<topic label="公布周期盘点" href="t_wm_inv_releasing_cycle_counts.html"/>
<topic label="查看周期盘点公布历史" href="release_cycle_count_history_help.html"/>
<topic label="验证任务管理器/射频定向式周期盘点" href="t_wm_inv_verify_task_mgr_rfdirect_ct.html"/>
<topic label="修改周期盘点任务" href="t_wm_inv_modify_cycle_count_task.html"/>
<topic label="删除周期盘点任务" href="t_wm_inv_deleting_a_cycle_count_task.html"/>
</topic>
<topic label="执行任务管理器/射频定向式周期盘点" href="c_wm_inv_task_mgr_rfdirect_cycle_cnts.html">
<topic label="执行周期盘点 - 按批次、库位和 LPN" href="t_wm_inv_perform_cyc_cnts_lot_loc_lpn.html"/>
<topic label="执行周期盘点 – 货品按库位" href="t_wm_inv_perform_cycle_cnt_item_loc.html"/>
</topic>
<topic label="基于周期盘点结果的库存更改" href="c_wm_inv_inv_chng_cycle_count_results.html">
<topic label="差异周期盘点" href="c_wm_inv_variance_cycle_counts.html"/>
<topic label="检查应用程序生成的库存调整" href="cycle_count_help.html"/>
<topic label="差异外周期盘点" href="c_wm_inv_outside_variance_cycle_counts.html"/>
<topic label="手工过帐库存调整" href="t_wm_inv_manually_post_inv_adjust.html"/>
<topic label="解决错误的方法" href="c_wm_inv_error_resolution.html"/>
<topic label="更新记录的顺序" href="t_wm_inv_sequence_for_updating_recs.html"/>
</topic>
</topic>
<topic label="实际库存">
<topic label="实际库存盘点概述" href="c_wm_inv_physical_inventory_overview.html"/>
<topic label="使用实际库存盘点" href="t_wm_inv_using_physicals.html"/>
<topic label="实际库存盘点过程" href="c_wm_inv_physical_count_process.html"/>
<topic label="输入实际库存盘点" href="c_wm_inv_entering_a_physical_count.html">
<topic label="在工作站中输入实际库存盘点" href="review_physical_inventory_help.html"/>
<topic label="输入射频辅助式实际库存盘点" href="t_wm_inv_enter_rfassisted_phys_count.html"/>
<topic label="在批次、库位和托盘标签级进行盘点" href="t_wm_inv_count_lot_loc_lic_plate_lvl.html"/>
<topic label="对货品和库位进行盘点" href="t_wm_inv_counting_for_item_and_loc.html"/>
</topic>
<topic label="冻结库存和生成射频定向式实际库存盘点" href="physical_inventory_parameters_help.html">
<topic label="冻结库存" href="t_wm_inv_placing_inventory_on_hold.html"/>
<topic label="解除库存冻结" href="t_wm_inv_remove_inventory_from_hold.html"/>
<topic label="生成实际库存盘点任务" href="t_wm_inv_generate_physical_inv_tasks.html"/>
<topic label="清除实际库存盘点" href="t_wm_inv_clearing_physical_inventory.html"/>
<topic label="完成射频定向式实际库存盘点" href="t_wm_inv_complete_rfdirect_phys_cts.html"/>
<topic label="退出实际库存盘点任务" href="t_wm_inv_exit_physical_inventory_tsk.html"/>
</topic>
<topic label="更新记录的顺序" href="t_wm_inv_sequence_for_updating_recs.html">
<topic label="输入更正后的盘点（A 组）" href="t_wm_inv_enter_corrected_cnt_team_a.html"/>
<topic label="检查并公布经过最终调节的盘点" href="t_wm_inv_review_post_final_recon_cnt.html"/>
</topic>
</topic>
<topic label="RF 查询">
<topic label="RF 查询概述" href="c_wm_inv_rf_inquiry_overview.html"/>
<topic label="使用 RF 查询选项的常见示例" href="t_wm_inv_common_ex_using_rf_inq_opt.html"/>
<topic label="使用 RF 查询选项" href="t_wm_inv_using_rf_inquiry_options.html"/>
<topic label="执行按拣货排列的箱内容查询" href="t_wm_inv_perform_case_cont_pick_inq.html">
<topic label="执行按货品排列的箱内容查询" href="t_wm_inv_perform_case_cont_item_inq.html"/>
</topic>
<topic label="执行落放 ID 明细查询" href="t_wm_inv_perform_drop_id_details_inq.html"/>
<topic label="执行订单状态查询" href="t_wm_inv_perform_order_status_inq.html"/>
</topic>
<topic label="库存余额">
<topic label="库存余额概述" href="inventory_balances_help.html"/>
<topic label="使用库存余额屏幕" href="c_wm_inv_use_inventory_balance_scrns.html"/>
<topic label="查看库存余额" href="t_wm_inv_view_inventory_balances.html"/>
<topic label="查看序列号的库存余额" href="t_wm_inv_view_inven_balan_serial_nos.html"/>
<topic label="查看批属性" href="lot_attribute_help.html"/>
</topic>
<topic label="库存事务">
<topic label="库存事务概述" href="inventory_transactions_help.html"/>
<topic label="使用库存事务" href="c_wm_inv_using_inventory_transactions.html"/>
<topic label="查看库存事务" href="t_wm_inv_view_inventory_transactions.html"/>
</topic>
<topic label="库存清除系统选项">
<topic label="库存自动清除" href="c_wm_inv_automatic_inventory_purge.html"/>
<topic label="Setting inventory purge process system options" href="t_wm_inv_set_inv_purge_proc_sys_opt.html"/>
</topic>
<topic label="仓库查看器">
<topic label="仓库查看器概述" href="facility_viewer_help.html"/>
<topic label="仓库查看器配置" href="t_wm_inv_facility_viewer_configuration.html"/>
<topic label="仓库查看器选项" href="t_wm_inv_facility_viewer_options.html"/>
</topic>
<topic label="托盘交换">
<topic label="托盘交换事务" href="pallet_exchange_transactions_help.html"/>
<topic label="托盘交换余额" href="pallet_exchange_balances_help.html"/>
<topic label="托盘交换调整" href="pallet_exchange_adjustments_help.html">
<topic label="执行调整" href="t_wm_inv_perform_pallet_adj.html"/>
<topic label="查看事务结果" href="t_wm_inv_view_result_trans.html"/>
<topic label="通过 RF 执行托盘交换" href="c_wm_inv_pallet_exch_rf.html"/>
</topic>
</topic>
</toc>
