<?xml version="1.0" encoding="UTF-8"?>
<?NLS TYPE="org.eclipse.help.toc"?>
<toc label="预约" topic="c_wm_appointments_appointments_overview.html">
<topic label="预约概述" href="c_wm_appointments_appointments_overview.html"/>
<topic label="预约配置" href="c_wm_appointments_config_appt.html">
<topic label="查看预约" href="t_wm_appointments_view_appts.html"/>
<topic label="预约创建的概述" href="appointment_help.html">
<topic label="创建预约" href="t_wm_appointments_creating_appointments.html"/>
<topic label="向预约添加收货或出货订单" href="t_wm_appointments_add_rcpt_ship_order_appt.html"/>
</topic>
<topic label="以图表形式查看预约" href="t_wm_appointments_viewing_appointments_graphically.html">
<topic label="查看某日期的预约" href="c_wm_appointments_view_appts_for_date.html"/>
<topic label="查看指定时间和站台通道门的预约" href="c_wm_appointments_view_appts_for_hour.html"/>
</topic>
<topic label="查看预约明细" href="c_wm_appointments_view_appts_detail.html">
<topic label="使用图表视图" href="t_wm_appointments_view_appts_detail_graph.html"/>
<topic label="在“预约列表”屏幕上查看预约" href="t_wm_appointments_view_appts_appt_list.html"/>
</topic>
</topic>
<topic label="拖车配置" href="c_wm_appointments_config_trailer.html">
<topic label="拖车的添加" href="trailers_help.html"/>
<topic label="查看拖车状态" href="trailer_status_help.html"/>
</topic>
</toc>
