<?xml version="1.0" encoding="UTF-8"?>
<?NLS TYPE="org.eclipse.help.toc"?>
<toc label="生产力" topic="c_wm_productivity_locate_prod_labr_mgt_feat.html">
<topic label="生产力与人工功能">
<topic label="查找生产力和人工管理功能" href="c_wm_productivity_locate_prod_labr_mgt_feat.html">
<topic label="打开生产力功能屏幕" href="t_wm_productivity_open_product_feat_screen.html"/>
</topic>
<topic label="启用监控生产力" href="c_wm_productivity_enable_monitor_product.html">
<topic label="激活生产力监控" href="t_wm_productivity_activate_product_monitor.html"/>
</topic>
<topic label="启动人工系统设置" href="c_wm_productivity_enable_labor_sys_settings.html">
<topic label="激活人工引擎" href="t_wm_productivity_activating_labor_engine.html"/>
<topic label="激活人工报告截止时间" href="t_wm_productivity_activate_lab_cutoff_time.html"/>
<topic label="为临时任务激活所需的距离" href="t_wm_productivity_activate_trv_req_aban_tsk.html"/>
<topic label="查找其它生产力选项" href="c_wm_productivity_locate_other_prod_options.html"/>
</topic>
<topic label="计划分配概述" href="c_wm_productivity_planned_assign_overview.html"/>
<topic label="生产力和人工监控" href="c_wm_productivity_prod_and_labor_monitoring.html">
<topic label="标识生产力监控用户" href="c_wm_productivity_id_prod_monitoring_users.html"/>
</topic>
</topic>
<topic label="管理计划分配和人工标准">
<topic label="配置计划分配" href="c_wm_productivity_config_planned_assignmnts.html">
<topic label="选择“创建分配”选项" href="t_wm_productivity_select_create_assign_opt.html"/>
<topic label="激活“区分段”选项" href="t_wm_productivity_activate_zone_break_opt.html"/>
<topic label="设置区规则" href="c_wm_productivity_setting_zone_rules.html"/>
<topic label="“出货订单”屏幕" href="c_wm_productivity_shipment_order_screen.html"/>
<topic label="按分配打印标签 - 波次屏幕" href="c_wm_productivity_print_labels_assign_wave.html"/>
<topic label="“货主”屏幕" href="c_wm_productivity_owner_screen.html"/>
</topic>
<topic label="计划分配" href="c_wm_productivity_planned_assignments.html">
<topic label="查看未分配的工作" href="user_unassignments_help.html"/>
<topic label="向职工分配计划分配" href="t_wm_productivity_assign_planned_asgn_assoc.html"/>
<topic label="查看已分配工作" href="user_assignments_help.html"/>
<topic label="将分配转移给其他职工" href="t_wm_productivity_transfer_asgn_diff_assoc.html"/>
</topic>
<topic label="为人工标准配置库位" href="c_wm_productivity_config_location_labor_std.html">
<topic label="为人工标准设置库位" href="t_wm_productivity_set_loc_labor_standards.html"/>
</topic>
<topic label="配置人工标准" href="c_wm_productivity_config_labor_standards.html">
<topic label="设置人工标准计算" href="t_wm_productivity_set_labor_standards_calc.html"/>
<topic label="为区设置临时库位" href="t_wm_productivity_set_abandon_loc_for_zone.html"/>
</topic>
<topic label="配置设备单元" href="c_wm_productivity_config_equipment_units.html">
<topic label="设置设备单元" href="t_wm_productivity_setting_equipment_units.html"/>
</topic>
<topic label="监控人工标准" href="remaining_work_help.html">
<topic label="查看剩余工作" href="t_wm_productivity_viewing_remaining_work.html"/>
<topic label="查看工作监控器" href="work_tracker_help.html"/>
<topic label="查看用户和组日常绩效" href="user_group_perform_help.html"/>
<topic label="查看用户订单绩效" href="user_order_perform_help.html"/>
</topic>
</topic>
<topic label="监控生产力与人工">
<topic label="监控人工标准" href="remaining_work_help.html"/>
<topic label="时钟：上岗时间和下岗时间" href="time_clock_help.html">
<topic label="登记上岗时间" href="t_wm_productivity_logging_on_for_day.html"/>
<topic label="登记下岗时间" href="t_wm_productivity_logging_out_for_the_day.html"/>
</topic>
<topic label="使用工作站完成拣货任务分配" href="t_wm_productivity_complete_pick_asgn_wrkstn.html"/>
<topic label="活动类型" href="c_wm_productivity_activity_types.html">
<topic label="创建活动类型" href="t_wm_productivity_creating_activity_types.html"/>
<topic label="删除间接活动" href="t_wm_productivity_delete_indirect_activity.html"/>
<topic label="输入间接活动" href="indirect_activity_configuration_help.html"/>
<topic label="使用“时钟”屏幕输入活动" href="t_wm_productivity_enter_using_time_clk_scrn.html"/>
</topic>
<topic label="将用户分配到组中" href="t_wm_productivity_assigning_user_to_group.html"/>
<topic label="生成报告" href="c_wm_productivity_generating_reports.html">
<topic label="职工状态报告" href="c_wm_productivity_associate_status_report.html"/>
<topic label="未结计划分配报告" href="c_wm_productivity_open_planned_assign_rpt.html"/>
<topic label="完成活动汇总报告" href="c_wm_productivity_completed_activity_report.html"/>
<topic label="用户绩效汇总报告" href="c_wm_productivity_user_perform_summary_rpt.html"/>
<topic label="用户绩效报告（按周）" href="c_wm_productivity_user_weekly_perform_rpt.html"/>
<topic label="工作监控器绩效报告" href="c_wm_productivity_work_tracker_perform_rpt.html"/>
<topic label="用户订单绩效报告" href="c_wm_productivity_user_order_perform_report.html"/>
</topic>
</topic>
<topic label="在射频装置中使用人工和生产力功能">
<topic label="RF 装置功能概述" href="c_wm_productivity_rf_device_feat_overview.html"/>
<topic label="登记上岗时间" href="t_wm_productivity_logging_on_for_the_day.html"/>
<topic label="开始与结束人工工作" href="t_wm_productivity_start_end_work_for_labor.html"/>
<topic label="更改人工的设备" href="t_wm_productivity_changing_equipment_labor.html"/>
<topic label="开始与结束人工活动" href="t_wm_productivity_start_end_activity_labor.html"/>
<topic label="查看当前绩效" href="t_wm_productivity_view_current_performance.html"/>
<topic label="登记下岗时间" href="t_wm_productivity_logging_off.html"/>
<topic label="使用 RF 任务管理器进行分配拣货" href="c_wm_productivity_assign_pick_rf_task_mgr.html">
<topic label="接受和完成分配" href="t_wm_productivity_accept_complete_assignmnt.html"/>
</topic>
<topic label="RF 任务管理器标准的显示" href="c_wm_productivity_display_std_rf_task_mgr.html">
<topic label="任务的标准时间" href="t_wm_productivity_standard_time_task.html"/>
</topic>
</topic>
<topic label="声控拣货">
<topic label="声控拣货配置" href="c_wm_productivity_voice_picking_config.html">
<topic label="区" href="t_wm_productivity_zone.html"/>
<topic label="区域" href="t_wm_productivity_area.html">
<topic label="配置声音属性" href="t_wm_productivity_area_config_props.html"/>
</topic>
<topic label="激活人工" href="t_wm_productivity_activating_labor.html"/>
<topic label="任务管理器用户" href="c_wm_productivity_task_manager_user.html">
<topic label="创建任务管理器用户" href="t_wm_productivity_create_task_manager_user.html"/>
</topic>
<topic label="生成声控拣货的拣货任务" href="t_wm_productivity_generating_pick_tasks.html"/>
<topic label="注释" href="c_wm_productivity_notes.html"/>
</topic>
</topic>
</toc>
