<?xml version="1.0" encoding="UTF-8"?>
<?NLS TYPE="org.eclipse.help.toc"?>
<toc label="上架" topic="c_wm_putaway_putaway_overview.html">
<topic label="上架概述" href="c_wm_putaway_putaway_overview.html">
<topic label="序列号跟踪" href="c_wm_putaway_serial_number_tracking.html"/>
<topic label="人工管理" href="c_wm_putaway_labor_management.html"/>
<topic label="使用 RF 辅助式上架和 RF 定向式上架" href="c_wm_putaway_use_rf_assisted_rf_directed_putaway.html"/>
<topic label="常见示例" href="c_wm_putaway_common_examples.html"/>
</topic>
<topic label="RF 辅助式上架">
<topic label="RF-辅助式上架概述" href="putaway_help.html"/>
<topic label="RF-辅助式上架过程" href="c_wm_putaway_rf_assisted_putaway_process.html"/>
<topic label="上架策略" href="c_wm_putaway_putaway_strategy.html"/>
<topic label="完成单个 ID 的 RF 辅助式上架" href="t_wm_putaway_complete_rfassist_putaway_single_id.html"/>
<topic label="完成多个 ID 的 RF 辅助式上架" href="t_wm_putaway_complete_rfassist_putaway_mult_ids.html">
<topic label="多 ID 上架的特殊情况" href="t_wm_putaway_variation_to_multiple_id_putaway.html"/>
</topic>
<topic label="按货品完成 RF-辅助式上架" href="t_wm_putaway_complete_rfassist_putaway_by_item.html"/>
<topic label="从其它库位完成 RF-辅助式上架" href="t_wm_putaway_complete_rfassist_putaway_diff_loc.html"/>
</topic>
<topic label="RF 定向式上架">
<topic label="RF-定向式上架概述" href="c_wm_putaway_rf_directed_putaway_overview.html"/>
<topic label="RF-定向式上架过程" href="c_wm_putaway_rf_directed_putaway_process.html">
<topic label="上架配置" href="c_wm_putaway_putaway_configuration.html"/>
<topic label="上架策略" href="c_wm_putaway_putaway_strategy.html"/>
<topic label="Auto Move strategy" href="c_wm_putaway_auto_move_strategy.html"/>
<topic label="“货主”屏幕" href="c_wm_putaway_owner_screen.html">
<topic label="创建 RF 收货的上架任务" href="c_wm_putaway_create_pa_task_on_rf_receipt.html"/>
<topic label="计算上架库位" href="c_wm_putaway_calculate_putaway_location.html">
<topic label="默认上架策略" href="c_wm_putaway_default_putaway_strategy.html"/>
</topic>
<topic label="创建用户权限" href="t_wm_putaway_creating_user_permissions.html"/>
<topic label="货品屏幕配置" href="c_wm_putway_item_screen_configuration.html"/>
</topic>
</topic>
<topic label="手工生成 RF 定向式上架任务" href="c_wm_putaway_manually_generate_rfdirect_putaway.html">
<topic label="将任务管理器配置为使用 PALBLDDONE" href="t_wm_putaway_config_task_mgr_to_use_palblddone.html"/>
<topic label="使用 PALBLDDONE 在“收货”屏幕上生成上架任务" href="t_wm_putaway_generate_rcv_scrn_using_palblddone.html"/>
<topic label="为单个托盘任务上架完成 RF-定向式上架" href="t_wm_putaway_complete_rfdirect_sing_pall_putaway.html"/>
<topic label="为多个托盘完成 RF-定向式上架" href="t_wm_putaway_complete_rfdirect_putaway_mult_pall.html"/>
</topic>
<topic label="RF 定向式上架验证方法" href="c_wm_putaway_rf_directed_verification_methods.html">
<topic label="校验数位验证样例" href="c_wm_putaway_check_digit_verification_sample.html"/>
</topic>
</topic>
<topic label="基于书面的上架任务">
<topic label="功能" href="c_wm_putaway_features.html"/>
<topic label="ASN/收货单基于书面的上架更新" href="c_wm_putaway_asn_rcpt_paper_base_putaway_update.html">
<topic label="生成基于书面的上架" href="t_wm_putaway_generating_paper_based_putaways.html"/>
<topic label="查看上架" href="t_wm_putaway_viewing_putaways.html"/>
<topic label="打印上架报告" href="t_wm_putaway_printing_a_putaway_report.html"/>
<topic label="确认上架完成" href="t_wm_putaway_confirming_putway_completion.html"/>
<topic label="查看更新的任务" href="t_wm_putaway_viewing_updated_tasks.html"/>
<topic label="打印上架标签" href="t_wm_putaway_printing_putaway_labels.html"/>
</topic>
<topic label="将生产力功能与基于书面的拣货一起使用" href="c_wm_putaway_use_prod_feat_paper_based_picking.html"/>
</topic>
<topic label="混合托盘上架">
<topic label="执行多货品上架" href="c_wm_putaway_performing_rainbow_pallet_putaways.html"/>
<topic label="配置混合托盘标签上架" href="c_wm_putaway_config_mixed_license_plate_putaway.html">
<topic label="验证混合托盘标签上架系统设置" href="t_wm_putaway_verify_sys_set_mixed_license_plate.html"/>
<topic label="定义有效的上架分类代码" href="t_wm_putaway_defining_valid_putaway_class_codes.html"/>
<topic label="配置混合托盘上架的货品记录" href="t_wm_putaway_config_item_records_mixed_pallet.html"/>
<topic label="创建混合货品托盘标签的上架策略" href="t_wm_putaway_creating_putaway_strategy.html"/>
<topic label="配置混合托盘上架的货主记录" href="t_wm_putaway_config_owner_records_mixed_pallet.html"/>
</topic>
<topic label="混合托盘标签上架收货过程" href="c_wm_putaway_receive_process_mixed_license_plate.html"/>
<topic label="混装托盘上架" href="c_wm_putaway_rainbow_pallet_putaway.html">
<topic label="配置混装托盘上架" href="c_wm_putaway_configuring_rainbow_pallet_putaway.html">
<topic label="配置混装托盘上架的货主记录" href="t_wm_putaway_config_owner_records_rainbow_pallet.html"/>
<topic label="RF-辅助式混装托盘上架流程" href="c_wm_putaway_rf_assisted_rainbow_pallet_flow.html"/>
<topic label="RF 定向式混装托盘上架流程" href="c_wm_putaway_rf_directed_rainbow_pallet_flow.html"/>
</topic>
<topic label="RF-辅助式混装托盘上架流程" href="c_wm_putaway_rf_assisted_rainbow_pallet_flow.html"/>
<topic label="RF 定向式混装托盘上架流程" href="c_wm_putaway_rf_directed_rainbow_pallet_flow.html"/>
</topic>
<topic label="接收混装托盘" href="c_wm_putaway_receiving_rainbow_pallets.html">
<topic label="接收实例：系统流程" href="t_wm_putaway_receiving_scenario_system_flow.html"/>
<topic label="为混装托盘上架接收产品" href="t_wm_putaway_rcv_prod_rainbow_multi_prod_pallet.html"/>
<topic label="上架混装托盘" href="c_wm_putaway_rainbow_pallets.html"/>
<topic label="上架实例：系统流程" href="c_wm_putaway_putaway_scenario_system_flow.html"/>
<topic label="RF 辅助式混装托盘上架" href="t_wm_putaway_rf_assisted_rainbow_pallet_putaway.html"/>
</topic>
<topic label="为混装托盘上架生成上架任务" href="c_wm_putaway_generate_task_rainbow_pall_putaway.html">
<topic label="任务生成：处理流程" href="c_wm_putaway_task_generation_process_flow.html"/>
<topic label="生成上架任务" href="t_wm_putaway_generating_a_putaway_task.html"/>
<topic label="执行 RF 定向式混装托盘上架" href="t_wm_putaway_perform_rf_directed_rainbow_pallet.html"/>
</topic>
</topic>
</toc>
