<?xml version="1.0" encoding="UTF-8"?>
<?NLS TYPE="org.eclipse.help.toc"?>
<toc label="原产地标签(COOL)/生物反恐/GTIN 合规" topic="c_wm_cool_comply_country_origin_label_cool_bio_terrorism_act.html">
<topic label="遵守原产地标签 (COOL)/生物反恐法概述" href="c_wm_cool_comply_country_origin_label_cool_bio_terrorism_act.html">
<topic label="生物反恐法" href="c_wm_cool_bioterrorism_act.html"/>
<topic label="规则" href="c_wm_cool_rules.html">
<topic label="符合生物反恐法的货品、符合原产地标签法的货品或符合原产地标签法及生物反恐法的货品" href="c_wm_cool_items.html"/>
<topic label="批属性显示和验证规则" href="c_wm_cool_lottable_validation_rules.html"/>
<topic label="货品类型" href="c_wm_cool_item_type.html"/>
</topic>
</topic>
<topic label="Selecting the COOLBIOCHECK system option" href="c_wm_cool_select_coolbiocheck.html">
<topic label="指定系统选项" href="t_wm_cool_selecting_the_coolbiocheck_system_option.html"/>
</topic>
<topic label="创建和接收符合原产地标签或生物反恐法的项目的收货单" href="c_wm_cool_create_receive_receipt_with_items.html">
<topic label="使用“ASN/收货单”创建收货单" href="t_wm_cool_create_receipt_asn_receipt.html"/>
<topic label="接收订单" href="c_wm_cool_receive_order.html"/>
<topic label="主机下载" href="c_wm_cool_host_download.html"/>
</topic>
<topic label="符合原产地标签和生物反恐法的项目的出货订单" href="c_wm_cool_shipment_orders_with_cool_and_bio_terrorism_items.html"/>
<topic label="GTIN 概述" href="c_wm_cool_gtin_overview.html">
<topic label="使用符合 GTIN 的识别符进行 RF 收货" href="c_wm_cool_rfreceiving_gtin_id.html">
<topic label="创建别称货品" href="t_wm_cool_create_alternate_item.html"/>
<topic label="查看别称货品" href="t_wm_cool_view_alternate_item.html"/>
</topic>
</topic>
</toc>
