<?xml version="1.0" encoding="UTF-8"?>
<?NLS TYPE="org.eclipse.help.toc"?>
<toc label="配置" topic="c_wm_cfg_introduction.html">
<topic label="Infor Supply Chain Execution 配置">
<topic label="一般配置概览" href="c_wm_cfg_introduction.html"/>
</topic>
<topic label="配置 Infor Supply Chain Execution">
<topic label="配置区" href="zone_help.html">
<topic label="创建区" href="t_wm_cfg_configuring_a_zone_create_zones.html"/>
</topic>
<topic label="配置客户标签" href="label_configuration_help.html">
<topic label="创建新标签" href="t_wm_cfg_configuring_a_customer_label_new_label.html"/>
<topic label="货主标签分配" href="c_wm_cfg_configuring_a_customer_label_owner_label_assign.html"/>
<topic label="创建货主标签" href="t_wm_cfg_configuring_a_customer_label_owner_label.html"/>
</topic>
<topic label="配置客户报告" href="report_configuration_help.html">
<topic label="创建和定义报告" href="t_wm_cfg_configuring_a_customer_report_creation-def.html"/>
<topic label="货主标签分配" href="c_wm_cfg_configuring_a_customer_label_owner_label_assign.html"/>
<topic label="创建货主报告" href="t_wm_cfg_configuring_a_customer_label_create_owner_report.html"/>
</topic>
<topic label="配置库位" href="location_help.html"/>
<topic label="配置纸箱和装箱" href="cartonization_help.html">
<topic label="装箱配置" href="t_wm_cfg_configuring_cartons_cartonization_config.html"/>
</topic>
<topic label="配置货主" href="owner_help.html">
<topic label="在企业级添加新货主" href="t_wm_cfg_configuring_an_owner_enterprise_level.html">
<topic label="“常规”标签" href="t_wm_cfg_configuring_an_owner_ent_gen.html"/>
<topic label="“地址”标签" href="t_wm_cfg_configuring_an_owner_ent_addr.html"/>
<topic label="“帐单寄往地址”标签" href="t_wm_cfg_configuring_an_owner_ent_billaddr.html"/>
<topic label="“其它”标签" href="t_wm_cfg_configuring_an_owner_ent_misc.html"/>
<topic label="“应收帐款”标签" href="t_wm_cfg_configuring_an_owner_ent_ar.html"/>
<topic label="“帐单”标签" href="t_wm_cfg_configuring_an_owner_ent_billing.html"/>
<topic label="其它标签" href="t_wm_cfg_configuring_an_owner_ent_other.html"/>
</topic>
<topic label="在仓库级定义货主信息" href="t_wm_cfg_configuring_an_owner_warehouse_level.html">
<topic label="“越库配送”标签" href="t_wm_cfg_configuring_an_owner_whs_crossdock.html"/>
<topic label="“任务”标签" href="t_wm_cfg_configuring_an_owner_whs_task.html"/>
<topic label="“标签”标签" href="t_wm_cfg_configuring_an_owner_whs_label.html"/>
<topic label="“正在处理”标签" href="t_wm_cfg_configuring_an_owner_whs_process.html"/>
<topic label="“货主标签”标签" href="t_wm_cfg_configuring_an_owner_whs_own_label.html"/>
<topic label="“UDF 标签”标签" href="t_wm_cfg_configuring_an_owner_whs_udf_label.html"/>
<topic label="“货主报告”标签" href="t_wm_cfg_configuring_an_owner_whs_rpt.html"/>
<topic label="“托盘交换”标签" href="t_wm_cfg_configuring_an_owner_whs_pallet.html"/>
<topic label="“特殊服务”标签" href="t_wm_cfg_configuring_an_owner_whs_sp_serv.html"/>
<topic label="“计费费用代码”标签" href="t_wm_cfg_configuring_an_owner_whs_bill.html"/>
</topic>
</topic>
<topic label="配置交货地客户" href="shipto_help.html">
<topic label="在企业级添加交货地贸易伙伴" href="t_wm_cfg_adding_shipto_customer_enterprise_level.html"/>
<topic label="在仓库级定义“交货地贸易伙伴”信息" href="t_wm_cfg_defining_a_ship_to_customer_warehouse_level.html"/>
</topic>
<topic label="配置供应商" href="vendor_help.html">
<topic label="在企业级添加新供应商" href="t_wm_cfg_configuring_supplier_ent_add.html">
<topic label="“常规”标签" href="t_wm_cfg_configuring_supplier_ent_add_gen.html"/>
<topic label="“地址”标签" href="t_wm_cfg_configuring_supplier_ent_add_addr.html"/>
<topic label="“付款方地址”标签" href="t_wm_cfg_configuring_supplier_ent_add_billaddr.html"/>
<topic label="“其它”标签" href="t_wm_cfg_configuring_supplier_ent_add_misc.html"/>
<topic label="“托盘交换”标签" href="t_wm_cfg_configuring_supplier_ent_add_pallet.html"/>
</topic>
</topic>
<topic label="配置承运人" href="carrier_help.html">
<topic label="在&quot;企业&quot;级添加新承运人" href="t_wm_cfg_configuring_carrier_add.html">
<topic label="“常规”标签" href="t_wm_cfg_configuring_carrier_add_gen.html"/>
<topic label="“地址”标签" href="t_wm_cfg_configuring_carrier_add_addr.html"/>
<topic label="“付款方地址”标签" href="t_wm_cfg_configuring_carrier_add_billaddr.html"/>
<topic label="“评级参数”标签" href="t_wm_cfg_configuring_carrier_add_rating.html"/>
<topic label="“其它”标签" href="t_wm_cfg_configuring_carrier_add_misc.html"/>
<topic label="“托盘交换”标签" href="t_wm_cfg_configuring_carrier_add_pallet.html"/>
</topic>
</topic>
<topic label="配置贸易伙伴帐单" href="bill_to_help.html">
<topic label="在企业级添加新付款公司" href="t_wm_cfg_billto_ent_add.html">
<topic label="“常规”标签" href="t_wm_cfg_billto_ent_add_gen.html"/>
<topic label="“地址”标签" href="t_wm_cfg_billto_ent_add_addr.html"/>
<topic label="“帐单寄往地址”标签" href="t_wm_cfg_billto_ent_add_billaddr.html"/>
<topic label="“其它”标签" href="t_wm_cfg_billto_ent_add_misc.html"/>
<topic label="“托盘交换”标签" href="t_wm_cfg_configuring_bill_to_pallet.html"/>
</topic>
</topic>
<topic label="配置货主付款方贸易伙伴" href="owner_bill_to_help.html"/>
<topic label="配置运费付款方贸易伙伴" href="freight_bill_to_help.html"/>
<topic label="配置客户" href="customer_help.html"/>
<topic label="配置发货地贸易伙伴" href="shipfrom_help.html"/>
<topic label="配置仓库" href="facility_help.html"/>
<topic label="配置包装代码" href="pack_help.html">
<topic label="在企业级添加新包装" href="t_wm_cfg_configuring_pack_codes_configuration.html"/>
<topic label="在仓库级添加新包装" href="t_wm_cfg_configuring_pack_codes_configuration_warehouse.html"/>
</topic>
<topic label="配置周期盘点级别" href="cycle_class_help.html">
<topic label="创建周期盘点级别" href="t_wm_cfg_configuring_a_cycle_class_creation.html"/>
</topic>
<topic label="配置周期盘点差异处理规则" href="cc_discrepancy_help.html">
<topic label="创建周期盘点差异处理模板" href="t_wm_cfg_configuring_cycle_count_discrep_rule_create_tmp.html"/>
<topic label="配置分类站" href="sortation_station_help.html"/>
</topic>
<topic label="配置日期代码格式" href="date_format_help.html">
<topic label="创建新日期格式" href="t_wm_cfg_configuring_a_date_code_format_creation.html"/>
</topic>
<topic label="配置批属性显示/验证" href="lottable_validation_help.html">
<topic label="“企业”级的批属性验证配置" href="t_wm_cfg_configuring_lottable_dsp_valid_enterprise_level.html"/>
</topic>
<topic label="配置系统代码" href="c_wm_cfg_configuring_system_codes.html">
<topic label="代码类型" href="c_wm_cfg_code_types.html"/>
<topic label="添加代码" href="t_wm_cfg_adding_code.html"/>
<topic label="包括其它代码" href="t_wm_cfg_adding_additional_code.html"/>
<topic label="编辑代码" href="t_wm_cfg_editing_code.html"/>
<topic label="使用系统代码" href="system_codes_help.html"/>
</topic>
<topic label="配置危险品代码" href="hazmat_codes_help.html"/>
<topic label="配置收货验证" href="receipt_validation_help.html">
<topic label="收货验证配置" href="t_wm_cfg_configuring_a_receipt_validation_configuration.html"/>
<topic label="配置保质期验证" href="c_wm_cfg_configuring_lottable_dsp_valid_shelf_life.html"/>
<topic label="配置批属性" href="c_wm_cfg_configuring_lottable_dsp_valid_attribute_mask.html"/>
</topic>
<topic label="策略" href="c_wm_cfg_strategies.html">
<topic label="任务分派策略" href="task_dispatch_help.html"/>
<topic label="上架策略" href="c_wm_cfg_putaway_strategy.html">
<topic label="创建上架策略" href="t_wm_cfg_putaway_strategy_creation.html"/>
<topic label="添加库位明细" href="t_wm_cfg_putaway_strategy_location_detail.html"/>
<topic label="添加货品明细" href="t_wm_cfg_putaway_strategy_item_detail.html"/>
<topic label="添加状态和库位类型" href="t_wm_cfg_putaway_strategy_status_location_type.html"/>
<topic label="Adding lot attributes" href="t_wm_cfg_putaway_strategy_lot_attributes.html"/>
<topic label="包括其它任务类型" href="t_wm_cfg_putaway_strategy_include_additional.html"/>
</topic>
<topic label="自动移动策略" href="auto_move_strategy_help.html">
<topic label="创建自动移动策略" href="c_wm_cfg_auto_move_strategy_create.html"/>
</topic>
<topic label="分配和预分配概述" href="c_wm_cfg_strategies_alloc_prealloc_overview.html"/>
<topic label="预分配策略" href="pre_allocation_help.html">
<topic label="查看预分配策略" href="t_wm_cfg_pre_allocation_strategy_view.html"/>
<topic label="创建上架策略" href="t_wm_cfg_putaway_strategy_creation.html"/>
</topic>
<topic label="分配策略" href="allocation_help.html">
<topic label="查看分配策略" href="t_wm_cfg_allocation_strategy_view.html"/>
<topic label="创建分配策略" href="t_wm_cfg_allocation_strategy_creation.html"/>
</topic>
<topic label="主要分配策略" href="strategy_help.html"/>
</topic>
<topic label="配置货品" href="item_help.html">
<topic label="在企业级添加新货品" href="t_wm_cfg_configuring_an_item_enterprise_level.html">
<topic label="“常规”标签" href="t_wm_cfg_config_item_ent_gen.html"/>
<topic label="“发货”标签" href="t_wm_cfg_config_item_ent_ship.html"/>
<topic label="“批属性/条码”标签" href="t_wm_cfg_config_item_ent_lot.html"/>
<topic label="“重量/数据”标签" href="t_wm_cfg_config_item_ent_wt.html"/>
<topic label="“称重摘要”标签" href="t_wm_cfg_config_item_ent_sum_wt.html"/>
<topic label="“序列号”标签" href="t_wm_cfg_config_item_ent_serial.html"/>
<topic label="“帐单”标签" href="t_wm_cfg_config_item_ent_bill.html"/>
</topic>
<topic label="在仓库级定义货品信息" href="t_wm_cfg_configuring_an_item_warehouse_level.html">
<topic label="“入库”标签" href="t_wm_cfg_config_item_whs_inbound.html"/>
<topic label="“出库”标签" href="t_wm_cfg_config_item_whs_outbound.html"/>
<topic label="“周期/成本”标签" href="t_wm_cfg_config_item_whs_cycle.html"/>
</topic>
<topic label="货品拣货库位配置（“分配库位”标签）" href="t_wm_cfg_configuring_an_item_assign_loc_tab.html"/>
</topic>
<topic label="配置别称货品" href="c_wm_cfg_configuring_an_alternate_item.html">
<topic label="别称货品配置" href="t_wm_cfg_configuring_an_alternate_item_config.html"/>
</topic>
<topic label="配置替代货品" href="c_wm_cfg_configuring_a_substitute_item.html">
<topic label="替代货品配置" href="t_wm_cfg_configuring_a_substitute_item_config.html"/>
</topic>
<topic label="配置出货条件验证" href="conditional_validation_help.html">
<topic label="出货验证类型和功能" href="c_wm_cfg_outbound_val_type_functions.html"/>
<topic label="“出货条件验证”屏幕配置" href="t_wm_cfg_configuring_outbound_cond_valid_config.html"/>
</topic>
<topic label="配置原料单" href="bill_of_material_help.html">
<topic label="创建新原料单" href="t_wm_cfg_configuring_a_bill_of_material_create.html"/>
</topic>
<topic label="配置多仓库环境" href="c_wm_cfg_configuring_a_multi_facility_environment.html"/>
<topic label="Configuring an Order Status" href="order_status_help.html">
<topic label="配置订单状态" href="t_wm_cfg_configuring_an_order_status_configuring.html"/>
<topic label="查看订单历史的前提条件" href="c_wm_cfg_configuring_an_order_status_viewing.html"/>
<topic label="启用系统设置选项" href="t_wm_cfg_configuring_order_status_view_enable_opts.html"/>
</topic>
<topic label="配置条码" href="barcode_configuration_help.html"/>
<topic label="配置任务管理器" href="c_wm_cfg_configuring_a_task_manager.html">
<topic label="创建用户简况" href="user_help.html"/>
<topic label="定义区域" href="area_help.html"/>
<topic label="定义仓库区段" href="section_help.html"/>
<topic label="创建设备简况" href="equipment_help.html"/>
<topic label="创建原因代码" href="task_reason_help.html"/>
</topic>
<topic label="任务管理器事务" href="task_help.html">
<topic label="查看和添加任务明细" href="t_wm_cfg_task_manager_transactions_view_and_add.html"/>
<topic label="查看落放 ID" href="drop_id_help.html"/>
<topic label="查看任务管理器周期盘点" href="t_wm_cfg_task_manager_transactions_viewing_CYCC.html"/>
</topic>
<topic label="配置入库活动" href="c_wm_cfg_configuring_inbound_activity.html">
<topic label="“进货活动”屏幕配置" href="inbound_activity_help.html"/>
</topic>
<topic label="配置出库活动" href="c_wm_cfg_configuring_outbound_activity.html">
<topic label="“出库活动”屏幕配置" href="outbound_activity_help.html"/>
</topic>
<topic label="系统设置" href="system_settings_help.html"/>
</topic>
</toc>
