<?xml version="1.0" encoding="UTF-8"?>
<?NLS TYPE="org.eclipse.help.toc"?>
<toc label="发货" topic="c_wm_shipping_shipping_overview.html">
<topic label="发货">
<topic label="发货概述" href="c_wm_shipping_shipping_overview.html"/>
<topic label="发货配置的先决条件" href="c_wm_shipping_prerequisite_ship_config.html"/>
</topic>
<topic label="按订单发货">
<topic label="单一订单出货" href="c_wm_shipping_single_order_shipments.html">
<topic label="发运单个订单" href="t_wm_shipping_single_order_ship_single_order.html"/>
<topic label="查看发货结果" href="t_wm_shipping_single_order_view_results.html"/>
</topic>
<topic label="从出货订单屏幕发运订单" href="t_wm_shipping_shipping_from_so_screen.html"/>
<topic label="大量装运订单" href="mass_ship_order_help.html">
<topic label="大量装运多个订单" href="t_wm_shipping_mass_orders_ship_multiple_orders.html"/>
<topic label="大量装运拣货明细行" href="mass_ship_pick_detail_lines_help.html"/>
<topic label="检索和发运拣货明细行" href="t_wm_shipping_mass_orders_retrieve_pick_detail.html"/>
</topic>
<topic label="使用 RF 装置发运订单" href="c_wm_shipping_shipping_orders_using_rf_devices.html">
<topic label="使用 RF 装置发运订单" href="t_wm_shipping_orders_rf_devices_ship_order.html"/>
</topic>
</topic>
</toc>
