<?xml version="1.0" encoding="UTF-8"?>
<?NLS TYPE="org.eclipse.help.toc"?>
<toc label="拣选和落放" topic="c_wm_pad_overview.html">
<topic label="拣选和落放">
<topic label="拣选和落放概述" href="c_wm_pad_overview.html">
<topic label="序列号跟踪" href="c_wm_serial_number_tracking.html"/>
<topic label="人工管理" href="c_wm_labor_management.html"/>
<topic label="使用拣选和落放" href="c_wm_using_pick_and_drop.html">
<topic label="使用拣选和落放库位的常见示例" href="c_wm_common_examples_using_pick_and_drop_locations.html"/>
<topic label="特殊注意事项" href="c_wm_special_considerations.html"/>
</topic>
</topic>
</topic>
<topic label="拣选和落放">
<topic label="拣选和落放的配置" href="c_wm_configuration_for_pick_and_drop.html">
<topic label="区及拣选和落放库位" href="t_wm_zones_and_pick_and_drop_locations.html"/>
</topic>
<topic label="任务管理器区域配置" href="c_wm_pad_task_manager_area_configuration.html">
<topic label="设备限制配置" href="c_wm_equipment_restrictions_configuration.html"/>
<topic label="拣选和落放库位的一般计算" href="c_wm_general_pick_and_drop_location_calculation.html"/>
<topic label="添加选择性移动选项" href="c_wm_adding_selective_moves_options.html"/>
<topic label="发货托盘移动选项" href="c_wm_shipping_pallet_moves_options.html"/>
<topic label="无拣选和落放库位情况下的拣货注释" href="c_wm_notes_for_picking_without_pick_and_drop_locations.html"/>
<topic label="使用拣选和落放库位时的应用程序效果" href="c_wm_application_effects_use_pick_and_drop_locations.html"/>
</topic>
<topic label="使用拣选和落放库位处理任务" href="c_wm_processing_tasks_using_pick_and_drop_locations.html">
<topic label="实例 1：一阶段拣选和落放移动" href="c_wm_scenario_1.html">
<topic label="第 1 步：使用拣选和落放库位的 RF 定向式上架任务" href="t_wm_scenario_1_step_1.html"/>
<topic label="第 2 步：射频定向式移动" href="t_wm_scenario_1_step_2.html"/>
</topic>
<topic label="实例 2：多个拣选和落放点" href="t_wm_scenario_2_multiple_pick_and_drop_points.html">
<topic label="第 1 步：使用 PND 库位的射频定向式上架任务" href="c_wm_scenario_2_step_1.html"/>
<topic label="第 2 步：从 PND 库位到上架库位的 RF 定向式移动" href="c_wm_scenario_2_step_2.html"/>
<topic label="第 3 步：从 PND 库位到大宗拣货库位的 RF 定向式移动" href="c_wm_scenario_2_step_3.html"/>
</topic>
<topic label="实例 3：使用拣选和落放库位进行补货" href="c_wm_scenario_3.html">
<topic label="补货（RF 定向式和 RF 辅助式）" href="c_scenario_3_replenishment.html"/>
<topic label="第 1 步：到 PND 库位的RF 定向式补货" href="t_wm_scenario_3_step_1.html"/>
</topic>
<topic label="实例 4：使用拣选和落放库位进行拣货" href="c_wm_scenario_4.html">
<topic label="拣选和落放库位的拣货过程" href="c_wm_scenario_4_pick_and_drop_locations_pick_process.html"/>
<topic label="使用拣选和落放点的 RF 定向式拣货/分派" href="c_wm_scenario_4_rf_directed_picking.html"/>
<topic label="第 1 步：执行发货托盘移动" href="c_wm_scenario_4_step_1.html"/>
<topic label="第 2 步：发货托盘移动" href="t_wm_scenario_4_step_2.html"/>
<topic label="第 3 步：发货托盘移动" href="t_wm_scenario_4_step_3.html"/>
<topic label="第 4 步：发货托盘移动" href="t_wm_scenario_4_step_4.html"/>
</topic>
</topic>
</topic>
</toc>
