<?xml version="1.0" encoding="UTF-8"?>
<?NLS TYPE="org.eclipse.help.toc"?>
<toc label="补货" topic="generate_replenishments_help.html">
<topic label="补货概述" href="generate_replenishments_help.html"/>
<topic label="补货">
<topic label="使用 RF 辅助式和 RF 定向式补货" href="c_wm_repl_using_rf_assisted_directed_repl.html">
<topic label="RF 辅助式补货和 RF 定向式补货的常见示例" href="c_wm_repl_examples_rf_assisted_directed.html"/>
</topic>
<topic label="补货优先级和严重程度" href="c_wm_repl_replenish_priorities_severities.html">
<topic label="补货方法" href="c_wm_repl_replenishment_methods.html"/>
<topic label="补货明细" href="c_wm_repl_replenishment_details.html"/>
<topic label="补货类型" href="c_wm_repl_replenishment_types.html"/>
<topic label="Calculating replenishment priority" href="c_wm_repl_calculating_replenish_priority.html"/>
<topic label="仅任务管理器拣货" href="c_wm_repl_task_manager_picking_only.html"/>
<topic label="计算补货严重程度" href="c_wm_repl_calculating_replenish_severity.html"/>
<topic label="移动严重程度和优先级编号" href="c_wm_repl_moving_severity_priority_numbers.html"/>
</topic>
<topic label="补货配置" href="c_wm_repl_replenishment_configuration.html">
<topic label="超额分配" href="t_wm_repl_over_allocation.html"/>
<topic label="“区”屏幕上的配置" href="t_wm_repl_configuration_on_zone_screen.html"/>
<topic label="确定要从中进行补货的库位" href="t_wm_repl_determine_loc_replen_from.html"/>
<topic label="分配拣货库位的最大值和最小值" href="t_wm_repl_assigning_pick_location_max_min.html"/>
</topic>
<topic label="执行 RF 辅助式补货" href="t_wm_repl_executing_rf_assisted_replenish.html"/>
<topic label="RF 辅助式补货验证方法" href="c_wm_repl_rf_assisted_replen_verification.html"/>
<topic label="执行 RF 定向式补货" href="c_wm_repl_executing_rf_directed_replenish.html">
<topic label="完成 RF 定向式补货" href="t_wm_repl_executing_rf_directed_replenish.html"/>
</topic>
<topic label="RF 定向式补货验证方法" href="c_wm_repl_verify_rf_directed_replenish.html"/>
</topic>
<topic label="基于书面的补货任务">
<topic label="书面补货概述" href="c_wm_repl_paper_based_replenish_overview.html"/>
<topic label="检查补货选项" href="c_wm_repl_reviewing_replenish_options.html">
<topic label="创建补货任务" href="t_wm_repl_creating_replenishment_tasks.html"/>
<topic label="基于书面的补货的用途" href="c_wm_repl_paper_based_replenish_usage.html"/>
<topic label="补货规则" href="t_wm_repl_replenishment_rule.html"/>
</topic>
<topic label="生成书面补货报告" href="t_wm_repl_generating_paper_based_repl_rpts.html">
<topic label="打印书面补货任务" href="t_wm_repl_print_paper_based_replenishment.html"/>
<topic label="确认书面补货任务" href="maintain_replenishments_help.html"/>
</topic>
<topic label="调整书面补货任务" href="t_wm_repl_adjusting_paper_based_repl_tasks.html"/>
<topic label="删除书面补货任务" href="c_wm_repl_deleting_paper_based_repl_tasks.html"/>
</topic>
<topic label="首次分拣补货">
<topic label="首次分拣补货概述" href="c_wm_repl_cherry_pick_replenish_overview.html"/>
<topic label="使用首次分拣补货" href="c_wm_repl_using_cherry_pick_replenishment.html"/>
<topic label="首次分拣补货流程" href="c_wm_repl_cherry_pick_replenishment_flow.html"/>
<topic label="首次分拣补货配置" href="c_wm_repl_cherry_pick_replenishment_config.html">
<topic label="区" href="c_wm_repl_zone.html">
<topic label="区（目标区）配置" href="t_wm_repl_zone_to_zone_configuration.html"/>
<topic label="区域" href="c_wm_repl_area.html"/>
<topic label="托盘标签号 (LPN)" href="c_wm_repl_license_plate_number_LPN.html"/>
</topic>
<topic label="用户权限" href="t_wm_repl_user_permissions.html"/>
</topic>
<topic label="创建首次分拣补货托盘" href="c_wm_repl_building_cherry_pick_repl_pallet.html"/>
<topic label="执行首次分拣补货" href="c_wm_repl_perform_cherry_pick_replenish.html">
<topic label="创建托盘" href="t_wm_repl_building_the_pallet.html"/>
<topic label="移动托盘" href="t_wm_repl_moving_the_pallet.html"/>
</topic>
<topic label="RF 定向式首次分拣验证方法" href="c_wm_repl_verify_rf_directed_cherry_pick.html">
<topic label="通过存货人上架任务将货品移至最终目的地" href="t_wm_repl_moving_to_final_dest_via_putaway.html"/>
<topic label="置换建议的存货人上架任务" href="t_wm_repl_override_suggested_stock_putaway.html"/>
</topic>
<topic label="RF 定向式存货人上架验证方法" href="c_wm_repl_verify_rf_directed_stock_putaway.html"/>
</topic>
</toc>
