<?xml version="1.0" encoding="UTF-8"?>
<?NLS TYPE="org.eclipse.help.toc"?>
<toc label="波次计划" topic="c_wm_wp_overview.html">
<topic label="波次 Workbench">
<topic label="概述" href="c_wm_wp_overview.html"/>
<topic label="波次组建 - 逐步说明" href="c_wm_wp_overview_step-by-step.html"/>
</topic>
<topic label="计划">
<topic label="查询组建器" href="wave_query_help.html">
<topic label="查询组建器 – 波次限额" href="c_wm_wp_query_builder_planning_wave_limits.html"/>
<topic label="Query Builder – Query Filter" href="t_wm_wp_query_builder_planning_query_filter.html"/>
<topic label="使用日期参数和时间参数" href="c_wm_wp_query_builder_planning_date_time.html"/>
</topic>
<topic label="图表式筛选" href="wave_graph_help.html"/>
<topic label="其它计划屏幕" href="c_wm_wp_other_planning_screens.html">
<topic label="查询组建器 – 保存筛选" href="t_wm_wp_other_planning_screens_query_builder_save.html"/>
<topic label="保存的筛选器" href="wave_filters_help.html"/>
</topic>
</topic>
<topic label="波次执行">
<topic label="保存的筛选器" href="wave_filters_help.html"/>
<topic label="从现有筛选创建波次" href="t_wm_wp_create_wave_existing_filter.html"/>
<topic label="波次维护" href="wave_maintenance_help.html">
<topic label="波次处理选项" href="t_wm_wp_wave_maintenance_processing_options.html"/>
<topic label="行动" href="c_wm_wp_wave_maintenance_actions.html"/>
<topic label="功能" href="c_wm_wp_wave_maintenance_functions.html"/>
<topic label="打印" href="c_wm_wp_wave_maintenance_printing.html"/>
<topic label="后台程序处理" href="c_wm_wp_background_processing.html"/>
<topic label="“波次汇总”标签" href="c_wm_wp_wave_maintenance_wave_summary_tab.html"/>
<topic label="“状态”标签" href="c_wm_wp_wave_maintenance_status_tab.html"/>
<topic label="“计划”标签" href="c_wm_wp_wave_maintenance_planning_tab.html"/>
<topic label="“订单”标签" href="c_wm_wp_wave_maintenance_orders_tab.html"/>
<topic label="“订单明细”标签" href="c_wm_wp_wave_maintenance_orders_detail_tab.html"/>
<topic label="“未分配”标签" href="c_wm_wp_wave_maintenance_not_allocated_tab.html"/>
<topic label="“已分配”标签" href="c_wm_wp_wave_maintenance_allocated_tab.html"/>
<topic label="“已拣货”标签" href="c_wm_wp_wave_maintenance_picked_tab.html"/>
<topic label="“预分配”标签" href="c_wm_wp_wave_maintenance_preallocated_tab.html"/>
<topic label="“需求分配”标签" href="c_wm_wp_wave_maintenance_demand_allocation_tab.html"/>
<topic label="“已发货”标签" href="c_wm_wp_wave_maintenance_shipped_tab.html"/>
<topic label="“任务明细”标签" href="c_wm_wp_wave_maintenance_task_detail_tab.html"/>
<topic label="“批量处理的订单”标签" href="c_wm_wp_wave_maintenance_batched_orders_tab.html"/>
<topic label="“批量移动”标签" href="c_wm_wp_wave_maintenance_batch_orders_tab.html"/>
<topic label="合并 – 从快速拣货库位合并和选择货品。" href="c_wm_wp_wave_maintenance_item_consolidation.html"/>
<topic label="未在波次中的订单" href="orders_not_on_wave_help.html"/>
</topic>
</topic>
</toc>
