<?xml version="1.0" encoding="UTF-8"?>
<?NLS TYPE="org.eclipse.help.toc"?>
<toc label="人工管理" topic="c_wm_lm_introduction_labor_mgmt.html">
<topic label="简介">
<topic label="Infor10 SCE Labor Management 简介" href="c_wm_lm_introduction_labor_mgmt.html"/>
<topic label="人工管理模块功能" href="c_wm_lm_introduction_functionality.html"/>
</topic>
<topic label="人工标准">
<topic label="人工标准概述" href="c_wm_lm_labor_standards_overview.html"/>
<topic label="操作概述" href="c_wm_lm_labor_standards_operations.html">
<topic label="定义条件" href="conditions_help.html"/>
<topic label="定义子元素" href="subelement_help.html"/>
<topic label="定义元素" href="element_help.html"/>
<topic label="操作概述" href="operation_help.html"/>
<topic label="定义操作选择器记录" href="operationchooser_help.html"/>
</topic>
<topic label="区域概述" href="c_wm_lm_labor_standards_sections.html">
<topic label="搬运区概述" href="travelsection_help.html"/>
<topic label="画线概述" href="drawinglines_help.html"/>
<topic label="仓库查看器概述" href="facilityviewer_help.html"/>
</topic>
<topic label="事务概述" href="c_wm_lm_labor_standards_transactions.html">
<topic label="标准历史记录" href="laborstandards_help.html"/>
</topic>
</topic>
<topic label="排程">
<topic label="调度概述" href="c_wm_lm_scheduling_scheduling.html"/>
<topic label="仓库概述" href="c_wm_lm_scheduling_facility.html">
<topic label="班次概述" href="c_wm_lm_scheduling_facility_shift.html">
<topic label="定义班次" href="shiftdefinition_help.html"/>
</topic>
<topic label="活动概述" href="c_wm_lm_scheduling_facility_activity.html">
<topic label="定义活动" href="activity_help.html"/>
</topic>
<topic label="周时间表定义概述" href="c_wm_lm_scheduling_facility_weekly_schedule.html">
<topic label="定义周时间表" href="weeklyscheduledef_help.html"/>
</topic>
<topic label="仓库停运概述" href="c_wm_lm_scheduling_facility_facility_exceptions.html">
<topic label="定义仓库停运" href="facilityexceptions_help.html"/>
</topic>
</topic>
<topic label="用户概述" href="c_wm_lm_scheduling_user.html">
<topic label="角色概述" href="role_help.html"/>
<topic label="定义角色的活动分配信息" href="t_wm_lm_define_activity_distrib_info_role.html"/>
<topic label="用户工作时间表概述" href="c_wm_lm_user_work_schedule_overview.html"/>
<topic label="定义用户工作时间表标题" href="userworkschedule_help.html"/>
<topic label="定义时间表明细" href="t_wm_lm_define_schedule_details.html"/>
<topic label="定义时间表明细" href="t_wm_lm_define_schedule_details.html"/>
<topic label="从用户时间表中删除某一日" href="t_wm_lm_delete_day_from_user_schedule.html"/>
</topic>
</topic>
<topic label="计划">
<topic label="计划概述" href="c_wm_lm_planning_overview.html"/>
<topic label="人工计划概述" href="c_wm_lm_planning_labor_plan_overview.html">
<topic label="定义人工计划" href="laborplanning_help.html"/>
</topic>
<topic label="工作调整概述" href="workadjustment_help.html"/>
<topic label="用户分配" href="useradjustment_help.html"/>
</topic>
<topic label="管理">
<topic label="调度概述" href="c_wm_lm_administration_scheduling_overview.html">
<topic label="原因代码" href="reasoncode_help.html"/>
<topic label="活动类型" href="c_wm_lm_administration_scheduling_overview_activity_types.html"/>
</topic>
</topic>
<topic label="报表">
<topic label="报告概述" href="c_wm_lm_reports_overview.html">
<topic label="访问标准报告" href="reports_help.html"/>
</topic>
<topic label="企业级计划报告和预测报告" href="c_wm_lm_reports_enterprise-level.html">
<topic label="企业生产力报告" href="c_wm_lm_enterprise_productivity_report.html"/>
<topic label="企业绩效报告" href="c_wm_lm_enterprise_performance_report.html"/>
<topic label="企业效率报告" href="t_wm_lm_reports_enterprise-level_effectiveness.html"/>
<topic label="企业人工成本报告" href="c_wm_lm_enterprise_labor_costs_report.html"/>
</topic>
<topic label="仓库级计划报告和预测报告" href="c_wm_lm_reports_facility-level.html">
<topic label="仓库生产力报告" href="c_wm_lm_facility_productivity_report.html"/>
<topic label="仓库绩效报告" href="c_wm_lm_facility_performance_report.html"/>
<topic label="仓库效率报告" href="c_wm_lm_facility_effectiveness_report.html"/>
<topic label="仓库人工成本报告" href="c_wm_lm_facility_labor_costs_report.html"/>
<topic label="仓库人工计划报告" href="c_wm_lm_facility_labor_plan_report.html"/>
<topic label="仓库用户活动" href="c_wm_lm_facility_user_activity_report.html"/>
</topic>
<topic label="人工标准审计报告" href="c_wm_lm_reports_labor_standards_audit.html">
<topic label="指派摘要标准审计" href="c_wm_lm_assign_recap_standards_audit.html"/>
<topic label="指派详细标准审计" href="c_wm_lm_assign_detail_standards_audit.html"/>
<topic label="任务详细标准审计" href="c_wm_lm_task_detail_standards_audit.html"/>
<topic label="任务摘要标准审计" href="c_wm_lm_task_summary_standards_audit.html"/>
<topic label="标准事务历史记录" href="c_wm_lm_standards_transaction_history.html"/>
</topic>
<topic label="用户和任务绩效报告" href="c_wm_lm_reports_user_task_performance.html">
<topic label="任务生产力报告" href="c_wm_lm_task_productivity_report.html"/>
<topic label="用户订单绩效报告" href="c_wm_lm_user_order_performance_report.html"/>
<topic label="用户绩效汇总报告" href="c_wm_lm_user_performance_summary_report.html"/>
<topic label="用户绩效报告（按周）" href="c_wm_lm_user_weekly_performance_report.html"/>
</topic>
</topic>
</toc>
