<?xml version="1.0" encoding="UTF-8"?>
<?NLS TYPE="org.eclipse.help.toc"?>
<toc label="多仓库" topic="c_wm_mf_multi_facility_overview.html">
<topic label="多仓库">
<topic label="多仓库概述" href="c_wm_mf_multi_facility_overview.html"/>
<topic label="多仓库层次结构" href="c_wm_mf_multi_facility_hierarchy.html">
<topic label="公司" href="c_wm_mf_company.html"/>
<topic label="部门" href="c_wm_mf_division.html"/>
<topic label="配送中心" href="c_wm_mf_distribution_center.html"/>
<topic label="仓库" href="c_wm_mf_warehouse.html"/>
</topic>
<topic label="多仓库环境流程" href="c_wm_mf_multi_facility_environment_flow.html"/>
<topic label="多仓库设置" href="multi_facility_setup_help.html"/>
<topic label="多仓库编辑" href="t_wm_mf_multi_facility_edit.html"/>
<topic label="查看多仓库库存余额" href="multi_facility_inventory_help.html"/>
<topic label="查看多仓库图表" href="multi_facility_chart_help.html"/>
</topic>
<topic label="仓库转移">
<topic label="查看企业级 WM Workbench 选项" href="c_wm_mf_viewing_enterprise_level_wm_workbench_options.html">
<topic label="配置和处理企业订单" href="t_wm_mf_configuring_and_processing_enterprise_orders.html"/>
</topic>
<topic label="激活仓库" href="t_wm_mf_activating_facilities.html"/>
<topic label="执行仓库转移" href="facility_transfer_help.html">
<topic label="关闭 ERPINTERFACE" href="t_wm_mf_turning_off_erpinterface.html"/>
<topic label="仓库间切换" href="t_wm_mf_toggling_between_facilities.html"/>
<topic label="完成仓库间转移屏幕" href="c_wm_mf_completing_the_facility_transfer_screen.html">
<topic label="执行仓库间转移" href="t_wm_mf_performing_a_warehouse_transfer.html"/>
</topic>
</topic>
<topic label="分配订单以创建拣货任务" href="c_wm_mf_allocating_the_order_to_create_pick_tasks.html">
<topic label="查看仓库间的库存转移" href="facility_transfer_inquiry_help.html"/>
</topic>
<topic label="多仓库库存图表" href="t_wm_mf_multi_facility_inventory_charts.html"/>
</topic>
</toc>
