<?xml version="1.0" encoding="UTF-8"?>
<?NLS TYPE="org.eclipse.help.toc"?>
<toc label="获取重量、序列号及数据" topic="c_wm_cwd_catch_weight_overview.html">
<topic label="获取重量、序列号及数据">
<topic label="称重概述" href="c_wm_cwd_catch_weight_overview.html"/>
<topic label="获取类型" href="c_wm_cwd_types_of_capture.html"/>
<topic label="获取重量、数据或序列号的要求" href="c_wm_cwd_req_capture_wt_data_serial.html"/>
<topic label="重量、数据或序列号处理的先决条件" href="c_wm_cwd_prereqs_wt_data_serial_proc.html"/>
<topic label="查看取称重量/取得数据信息" href="t_wm_cwd_view_catch_weight_data_info.html"/>
<topic label="用于获取重量、数据以及序列号的 RF 屏幕" href="c_wm_cwd_rf_screens.html"/>
</topic>
<topic label="收货时获取重量、序列号及数据">
<topic label="收货期间获取重量、序列号及数据概述" href="c_wm_cwd_capture_wt_serial_data_rcpt.html"/>
<topic label="使用 RF 装置在收货时捕获序列号" href="t_wm_cwd_capture_serial_rcv_rf_dev.html">
<topic label="捕获多个数据元素（传统屏幕）" href="t_wm_cwd_capture_on_traditional_scrn.html"/>
<topic label="在一个屏幕上捕获多个序列号" href="t_wm_cwd_capture_multi_ser_sing_scrn.html"/>
<topic label="使用范围捕获序列号" href="t_wm_cwd_capture_range_of_serial_nos.html"/>
<topic label="使用 RF 装置在收货时获取汇总重量" href="t_wm_cwd_capture_summary_wt_with_rf.html"/>
</topic>
<topic label="在工作站接收重量、序列号或数据产品" href="t_wm_cwd_rcv_wt_serial_data_wrkstn.html"/>
</topic>
<topic label="拣货时获取重量、序列号及数据">
<topic label="拣货时获取重量、数据及序列号概述" href="c_wm_cwd_capture_wt_data_serial_no.html"/>
<topic label="使用 RF 装置拣选重量、序列号或数据货品" href="t_wm_cwd_pick_wt_serial_data_rf_dev.html"/>
<topic label="序列号自始至终跟踪货品的拣货" href="t_wm_cwd_pick_endtoend_serial_track.html"/>
<topic label="使用 RF 装置在拣货时获取汇总重量" href="t_wm_cwd_capture_pick_sum_wt_rf.html"/>
<topic label="使用工作站捕获出货重量、序列号或数据" href="t_wm_cwd_capture_outbnd_wt_ser_data.html"/>
<topic label="取称重量配置" href="c_wm_cwd_catch_weight_configuration.html"/>
</topic>
<topic label="序列号库存管理">
<topic label="序列号跟踪概述" href="c_wm_cwd_serial_no_tracking_overview.html"/>
<topic label="工作站序列号事务" href="c_wm_cwd_wrkstn_serial_transactions.html"/>
<topic label="库存移动" href="c_wm_cwd_inventory_moves.html"/>
<topic label="库存调整" href="c_wm_cwd_inventory_adjustments.html"/>
<topic label="重量调整" href="weight_adj_help.html"/>
<topic label="实施内部转移" href="c_wm_cwd_internal_transfers.html"/>
<topic label="序列化库存的周期盘点" href="c_wm_cwd_cycle_count_maintenance.html"/>
<topic label="序列号库存事务" href="serial_transactions_help.html"/>
<topic label="序列号库存余额" href="serial_inventory_help.html"/>
</topic>
<topic label="RF 上的序列号库存控制">
<topic label="RF 序列号概述" href="c_wm_cwd_rf_serial_number_overview.html"/>
<topic label="RF 支持的事务" href="c_wm_cwd_rf_supported_transactions.html"/>
<topic label="RF 收货" href="c_wm_cwd_rf_receiving.html"/>
<topic label="维护序列号" href="t_wm_cwd_maintain_serial_nos.html"/>
<topic label="序列号查询" href="t_wm_cwd_serial_no_inq.html"/>
<topic label="上架" href="c_wm_cwd_putaway.html"/>
<topic label="补货" href="c_wm_cwd_replenishment.html"/>
<topic label="库存移动" href="c_wm_cwd_inventory_moves_second.html"/>
<topic label="使用 RF 调整库存" href="t_wm_cwd_using_rf_inv_adjust.html"/>
<topic label="周期盘点" href="c_wm_cwd_cycle_counts.html"/>
<topic label="拣货" href="c_wm_cwd_picking.html"/>
</topic>
<topic label="汇总重量的工作站支持" href="c_wm_cwd_wrkstn_support_summary_wt.html"/>
<topic label="汇总重量的 RF 支持" href="c_wm_cwd_rf_support_summary_wts.html"/>
</toc>
