<?xml version="1.0" encoding="UTF-8"?>
<?NLS TYPE="org.eclipse.help.toc"?>
<toc label="射频装载" topic="c_wm_rf_loading_load_plan_overview.html">
<topic label="装载计划">
<topic label="装载计划概述" href="c_wm_rf_loading_load_plan_overview.html"/>
</topic>
<topic label="射频装载">
<topic label="RF-定向式装载概述" href="c_wm_rf_loading_rf_directed_loading_overview.html"/>
<topic label="RF 任务管理器装载的先决条件" href="c_wm_rf_loading_prereqs_rf_task_mgr_loading.html">
<topic label="系统设置" href="c_wm_rf_loading_system_settings.html"/>
</topic>
<topic label="RF-定向式装载验证方法" href="c_wm_rf_loading_verify_rf_directed_load.html"/>
</topic>
<topic label="装货计划和装载计划">
<topic label="装载概述" href="c_wm_rf_loading_load_overview.html"/>
<topic label="装货计划" href="load_schedule_help.html">
<topic label="创建装货计划" href="t_wm_rf_loading_creating_load_schedule.html"/>
<topic label="删除记录" href="t_wm_rf_loading_removing_record.html"/>
<topic label="修改现有装货计划" href="t_wm_rf_loading_modify_load_schedule.html"/>
</topic>
<topic label="装载计划" href="load_planning_help.html">
<topic label="创建或修改装载计划" href="t_wm_rf_loading_creating_modifying_load_plan.html"/>
<topic label="删除数据行" href="t_wm_rf_loading_removing_data_rows.html"/>
</topic>
<topic label="装载维护" href="load_maintenance_help.html">
<topic label="处理更新" href="c_wm_rf_loading_processing_updates.html">
<topic label="手工创建装载 ID" href="t_wm_rf_loading_manual_creating_load_ids.html"/>
<topic label="维护现有装载 ID" href="t_wm_rf_loading_maintaining_existing_load_ids.html"/>
<topic label="在装载中添加托盘标签" href="t_wm_rf_loading_adding_license_plate_to_load.html"/>
<topic label="查看报告" href="t_wm_rf_loading_viewing_report.html"/>
</topic>
</topic>
</topic>
<topic label="射频装载任务">
<topic label="射频装载任务概述" href="c_wm_rf_loading_rf_load_tasks_overview.html"/>
<topic label="使用 RF 装置执行装货任务" href="t_wm_rf_loading_perform_load_tasks_rf_device.html">
<topic label="为装载添加箱 ID 或托盘 ID" href="t_wm_rf_loading_add_case_pallet_id_to_load.html"/>
</topic>
<topic label="使用 RF 装置创建或更新装载信息" href="c_wm_rf_loading_create_update_info_rf_device.html">
<topic label="创建装载" href="t_wm_rf_loading_create_load.html"/>
<topic label="更新装载标题信息" href="t_wm_rf_loading_update_load_header_info.html"/>
</topic>
<topic label="按托盘标签装载" href="t_wm_rf_loading_loading_by_license_plate.html"/>
<topic label="卸载托盘标签" href="t_wm_rf_loading_unloading_a_license_plate.html"/>
<topic label="查看装载状态" href="load_status_help.html">
<topic label="通过工作站查看状态" href="t_wm_rf_loading_viewing_status_workstation.html"/>
<topic label="通过 RF 装置查看状态信息" href="c_wm_rf_loading_view_status_info_rf_device.html">
<topic label="查看装载汇总信息" href="t_wm_rf_loading_view_load_summary_info.html"/>
<topic label="按装载查看装载状态" href="t_wm_rf_loading_viewing_load_status_by_load.html"/>
<topic label="按路线查看装载状态" href="t_wm_rf_loading_viewing_load_status_by_route.html"/>
<topic label="按站点查看装载状态" href="t_wm_rf_loading_viewing_load_status_by_stop.html"/>
</topic>
</topic>
<topic label="通过 RF 结束装载" href="t_wm_rf_loading_closing_the_load_from_rf.html"/>
</topic>
<topic label="发货">
<topic label="发运方法概述" href="c_wm_rf_loading_shipping methods_overview.html">
<topic label="使用装载维护屏幕发运装载任务" href="t_wm_rf_loading_shipping_methods.html"/>
</topic>
<topic label="使用 RF 装置结束装载" href="t_wm_rf_loading_close_loads_using_rf_device.html"/>
<topic label="使用 RF 装置发运装载物" href="t_wm_rf_loading_ship_loads_using_rf_device.html"/>
</topic>
</toc>
