<?xml version="1.0" encoding="UTF-8"?>
<?NLS TYPE="org.eclipse.help.toc"?>
<toc label="收货" topic="c_wm_receiving_receiving_overview.html">
<topic label="收货概述">
<topic label="收货概述" href="c_wm_receiving_receiving_overview.html"/>
<topic label="工作流程" href="c_wm_receiving_workflow.html"/>
<topic label="客户实例" href="c_wm_receiving_customer_scenarios.html"/>
<topic label="收货方法" href="c_wm_receiving_receiving_methods.html"/>
<topic label="必要的收货配置" href="c_wm_receiving_prereq_config_for_receiving.html"/>
</topic>
<topic label="采购订单">
<topic label="采购订单概述" href="purchase_order_help.html"/>
<topic label="手工添加采购订单" href="t_wm_receiving_manually_adding_purchase_order.html"/>
<topic label="查看采购订单状态历史" href="t_wm_receiving_view_purchase_order_status_hist.html"/>
<topic label="采购订单状态类型" href="c_wm_receiving_purchase_order_status_types.html"/>
<topic label="结算采购订单" href="t_wm_receiving_closing_a_purchase_order.html"/>
<topic label="重新激活采购订单" href="t_wm_receiving_reopening_a_purchase_order.html"/>
<topic label="验证并结算采购订单" href="verify_close_po_asn_help.html"/>
</topic>
<topic label="ASN/收货单">
<topic label="ASN/收货单概述" href="asn_receipt_help.html"/>
<topic label="添加 ASN/收货单" href="t_wm_receiving_entering_an_asnreceipt.html">
<topic label="在没有 PO 的情况下添加 ASN/收货单" href="t_wm_receiving_adding_asnreceipt_without_po.html"/>
<topic label="使用自动收货选项" href="t_wm_receiving_receive_using_auto_rcpt_option.html"/>
<topic label="查看并添加批属性" href="t_wm_receiving_viewing_and_adding_lottables.html">
<topic label="应用批掩码" href="t_wm_receiving_lottables_apply_lot_masking.html"/>
</topic>
<topic label="使用现有 PO 添加 ASN/收货单" href="t_wm_receiving_add_asnreceipt_use_existing_po.html"/>
<topic label="使用“复制”功能进行多托盘收货" href="t_wm_receiving_use_dup_func_mult_pallet_rcving.html"/>
<topic label="查看和添加取称重量/取得数据（包括序列号）" href="t_wm_receiving_view_and_add_catch_weight_data.html"/>
</topic>
<topic label="使用快速数据输入来创建收货" href="quick_entry_asnreceipt_help.html"/>
<topic label="使用快速数据输入添加收货单明细" href="quick_entry_asnreceipt_detail_help.html"/>
<topic label="执行 ASN 查找" href="asn_lookup_help.html"/>
<topic label="查看 ASN 汇总记录" href="t_wm_receiving_reviewing_asn_summary_records.html"/>
<topic label="ASN 状态类型" href="c_wm_receiving_asn_status_types.html"/>
<topic label="维护运输状态" href="c_wm_receiving_maintain_trans_status.html"/>
<topic label="结算 ASN" href="t_wm_receiving_closing_an_asn.html"/>
<topic label="重新打开 ASN" href="t_wm_receiving_reopening_an_asn.html"/>
<topic label="验证并结算 ASN" href="t_wm_receiving_verifying_and_closing_an_asn.html"/>
<topic label="根据 ASN 生成收货标签" href="t_wm_receiving_generate_rcv_labels_from_asn.html"/>
<topic label="ASN 订单中的托盘交换输入" href="asn_order_pallet_exchange_tracking.html"/>
<topic label="对 ASN 订单计费" href="asn_charge_info.html">
<topic label="在 ASN 订单上添加计费费用信息" href="asn_adding_charge_info.html"/>
<topic label="更改计费费用的收货事务日期" href="c_wm_receiving_chg_rcpt_trans_date_bill_chrgs.html">
<topic label="修改收货行的事务日期" href="t_wm_receiving_modify_trans_date_rcpt_line.html"/>
<topic label="修改收货标题的事务日期" href="t_wm_receiving_modify_trans_date_rcpt_header.html"/>
</topic>
</topic>
</topic>
<topic label="工作站收货">
<topic label="工作站收货概述" href="c_wm_receiving_workstation_receiving_overview.html"/>
<topic label="使用工作站收货" href="t_wm_receiving_receiving_using_the_workstation.html">
<topic label="使用“复制”功能进行多托盘收货" href="t_wm_receiving_use_dup_func_mult_pallet_rcving.html"/>
<topic label="将一行分解为多行" href="t_wm_receiving_explode_line_into_mult_lines.html"/>
<topic label="使用工作站打印收货标签" href="t_wm_receiving_print_rcpt_labels_using_workstn.html"/>
<topic label="接收批属性货品" href="t_wm_receiving_receiving_lottable_items.html"/>
<topic label="接收取称重量/取得数据（包括序列号）" href="t_wm_receiving_receive_catch_wgtdata_serial_no.html"/>
<topic label="使用“复制”功能创建序列号记录" href="t_wm_receiving_dup_func_create_serial_no_recs.html"/>
</topic>
<topic label="使用工作站回转收货" href="t_wm_receiving_reverse_rcpt_using_workstation.html"/>
</topic>
<topic label="RF 收货">
<topic label="RF 收货概述" href="c_wm_receiving_rf_receipt_overview.html"/>
<topic label="使用 RF 装置收货" href="t_wm_receiving_receiving_using_rf_devices.html"/>
<topic label="在没有采购订单的情况下执行 ASN 收货" href="t_wm_receiving_perform_asn_receipt_wo_po.html">
<topic label="在托盘标签上有一个货品的情况下执行托盘标签收货" href="t_wm_receiving_perform_lp rcpt_single_item.html"/>
<topic label="在托盘标签上有多个货品的情况下执行托盘标签收货" href="t_wm_receiving_perform_lp rcpt_multi_items.html"/>
</topic>
<topic label="收货期间查看实时汇总信息" href="t_wm_receiving_view_summary_info_rf_receiving.html"/>
<topic label="使用 RF 装置创建收货" href="t_wm_receiving_creating_receipt_with_rf_device.html"/>
<topic label="将拖车与 ASN 关联" href="t_wm_receiving_associate_asn_to_trailer_rf.html"/>
<topic label="添加拖车明细" href="t_wm_receiving_adding_trailer_details.html"/>
<topic label="使用 RF 设备更新收货单标题字段" href="t_wm_receiving_update_asn_hdr_with_rf_device.html"/>
<topic label="打印 ASN/收货单的标签" href="t_wm_receiving_print_label_for_asnreceipt.html"/>
<topic label="查找 ASN" href="t_wm_receiving_looking_up_an_asn.html"/>
<topic label="收货期间的验证" href="t_wm_receiving_validations_during_receiving.html"/>
<topic label="替代货品" href="t_wm_receiving_alternate_item.html"/>
<topic label="接收带有批属性的产品" href="t_wm_receiving_receive_prod_with_lot_attribute.html"/>
<topic label="UCC/EAN 128 收货" href="c_wm_receiving_uccean_128_receiving.html"/>
<topic label="射频杂项费用" href="asn_rf_misc_charges.html"/>
</topic>
<topic label="收货回转">
<topic label="回转收货概述" href="receipt_reversal_help.html"/>
<topic label="执行回转收货" href="t_wm_receiving_performing_a_receipt_reversal.html"/>
<topic label="使用工作站回转收货" href="t_wm_receiving_reverse_rcpt_using_workstation.html"/>
</topic>
<topic label="箱级收货">
<topic label="为货主定义库存跟踪" href="t_wm_receiving_define_inven_tracking_for_owner.html"/>
<topic label="为货主定义重复箱 ID 默认值" href="t_wm_receiving_define_dup_case_id_for_owner.html"/>
<topic label="箱级收货和 SSCC 类型收货" href="c_wm_receiving_receive_case_level_sscc_receipt.html">
<topic label="使用 ASN/收货单创建箱级收货" href="t_wm_receiving_create_case_level_rcpt_asnrcpt.html"/>
<topic label="处理库存" href="t_wm_receiving_handling_inventory.html"/>
<topic label="输入箱级收货明细" href="t_wm_receiving_enter_case_level_rcv_details.html"/>
<topic label="主机下载" href="t_wm_receiving_host_download.html"/>
</topic>
<topic label="使用 RF 装置收货" href="t_wm_receiving_receiving_using_rf_devices.html"/>
</topic>
<topic label="质量检查过程 (QC)">
<topic label="质量检查" href="c_wm_receiving_quality_check.html"/>
<topic label="为货主设置默认 QC 库位" href="t_wm_receiving_set_default_qc_loc_for_owner.html"/>
<topic label="为货品配置 QC 检验" href="t_wm_receiving_config_qc_inspections_for_item.html"/>
<topic label="执行质量检查 (QC)" href="t_wm_receiving_performing_a_quality_check_qc.html"/>
<topic label="使用 RF 装置执行质量检查" href="t_wm_receiving_perform_qual_check_rf_devices.html"/>
<topic label="查看和更新质量控制信息" href="inbound_qc_help.html"/>
</topic>
<topic label="退货处理">
<topic label="为货主和项目配置退货库位" href="t_wm_receiving_config_rtn_loc_for_owners_items.html"/>
<topic label="配置退货的上架限制" href="t_wm_receiving_config_putaway_restrict_return.html"/>
<topic label="创建和接收退货收货" href="c_wm_receiving_creating_and_receiving_returns.html">
<topic label="使用“ASN/收货单”屏幕创建退货收货单" href="t_wm_receiving_create_rtn_rcpt_asnrcpt_screen.html"/>
<topic label="处理退货记录" href="t_wm_receiving_working_with_a_return_record.html"/>
<topic label="根据出货订单创建退货收货单" href="t_wm_receiving_create_return_from_ship_order.html"/>
<topic label="主机下载" href="t_wm_receiving_host_download.html"/>
<topic label="使用 RF 装置接收退货" href="t_wm_receiving_receive_returns_using_rf_device.html"/>
<topic label="退货实例" href="c_wm_receiving_return_scenarios.html"/>
</topic>
<topic label="上架处理" href="c_wm_receiving_putaway_processing.html"/>
</topic>
<topic label="校验数字计算示例" href="c_wm_receiving_sample_check_digit.html"/>
</toc>
