<?xml version="1.0" encoding="UTF-8"?>
<?NLS TYPE="org.eclipse.help.toc"?>
<toc label="动态分配" topic="demand_allocation_help.html">
<topic label="动态分配">
<topic label="动态分配概述" href="demand_allocation_help.html"/>
</topic>
<topic label="动态拣货">
<topic label="动态拣选概述" href="c_wm_da_overview_dynamic_picking.html"/>
<topic label="必要的动态分配和拣货配置" href="c_wm_da_prereq_dyn_alloc_pick_config.html">
<topic label="打开配置屏幕" href="t_opening_a_configuration_screen.html"/>
</topic>
<topic label="企业级配置" href="c_wm_da_enterprise_level_configure.html"/>
<topic label="仓库级配置" href="c_wm_da_warehouse_level_configuration.html">
<topic label="“分配库位”标签" href="c_wm_da_assign_locations_tab.html"/>
<topic label="区屏幕" href="t_wm_da_wm_config_zone_screen.html"/>
<topic label="库位屏幕" href="t_wm_da_wm_config_loc_screen.html"/>
<topic label="用户屏幕" href="t_wm_da_wm_config_user_screen.html"/>
</topic>
<topic label="系统配置" href="c_wm_da_system_configuration.html"/>
</topic>
<topic label="动态拣货功能">
<topic label="动态拣货功能" href="c_wm_da_dynamic_picking_features.html"/>
<topic label="日期代码天数" href="c_wm_da_date_code_days.html"/>
<topic label="保质期" href="c_wm_da_shelf_life.html"/>
<topic label="清空库位" href="c_wm_da_clean_location.html"/>
</topic>
<topic label="需求分配记录">
<topic label="查询需求分配记录" href="c_wm_da_query_demand_allocation_recs.html"/>
<topic label="需求分配屏幕" href="c_wm_da_demand_allocation_screen.html">
<topic label="查看需求分配记录" href="t_wm_da_view_demand_allocation_record.html"/>
</topic>
<topic label="撤消分配动态拣货" href="c_wm_da_unallocate_dynamic_pick.html"/>
</topic>
<topic label="动态订单和项目">
<topic label="查看动态拣货订单信息" href="c_wm_da_view_dynamic_pick_order_info.html"/>
<topic label="从 RF 查看订单和货箱信息" href="t_wm_da_view_order_container_info_rf.html"/>
<topic label="查看动态拣货订单和货品" href="t_wm_da_view_dyn_pck_orders_and_items.html"/>
<topic label="查看动态拣货订单和货箱" href="t_wm_da_view_dyn_pck_order_containers.html"/>
<topic label="查看动态拣货订单汇总信息" href="t_wm_da_view_dyn_pick_order_sum_info.html"/>
<topic label="查看动态拣货货箱汇总信息" href="t_wm_da_view_dyn_pck_contain_sum_info.html"/>
<topic label="从 RF 查看出货订单状态信息" href="t_wm_da_view_ship_ordr_status_info_RF.html"/>
</topic>
<topic label="动态拣货">
<topic label="针对箱数量执行动态拣货" href="c_wm_da_dynamic_picking_case_qtys.html">
<topic label="按箱动态拣货 - 按订单拣货" href="t_wm_da_dynamic_case_pick_by_order.html"/>
<topic label="按箱动态拣货 - 按货箱拣货" href="t_wm_da_dynamic_case_pick_by_containr.html"/>
<topic label="针对层数量执行动态拣货" href="t_wm_da_perform_dyn_pick_layer_qtys.html"/>
<topic label="针对托盘数量执行动态拣货" href="c_wm_da_dynamic_picking_pallet_qtys.html">
<topic label="执行按托盘拣货（单个和多个） – 按订单拣货" href="t_wm_da_single_multi_picks_by_order.html"/>
<topic label="执行按托盘拣货（单个和多个）– 按货箱拣货" href="t_wm_da_sing_multi_picks_by_container.html"/>
</topic>
</topic>
<topic label="了解其它动态拣货方法" href="c_wm_da_understand_other_dyn_pck_meth.html">
<topic label="了解按待运库位进行的动态拣货" href="t_wm_da_understand_dyn_pick_stage_loc.html"/>
<topic label="了解合并动态拣货" href="c_wm_da_understand_consolid_dyn_pick.html"/>
<topic label="了解非标准托盘的动态拣货" href="c_wm_da_understand_non_std_pallets.html"/>
</topic>
</topic>
<topic label="补货与动态拣选">
<topic label="选货人补货" href="c_wm_da_selector_replenishment.html"/>
<topic label="将补货任务与动态拣货结合起来" href="t_wm_da_replenish_tasks_dynam_picking.html"/>
<topic label="不采用选货人补货的情况下执行补货任务" href="t_wm_da_replenish_task_wo_select_repl.html"/>
</topic>
<topic label="动态拣货库存冻结">
<topic label="通过动态拣货拣选冻结库存" href="c_wm_da_dynamic_pick_held_inventory.html"/>
<topic label="冻结库存动态拣货规则" href="c_wm_da_dyn_pick_held_inventory_rules.html"/>
</topic>
</toc>
