<?xml version="1.0" encoding="UTF-8"?>
<?NLS TYPE="org.eclipse.help.toc"?>
<toc label="运输管理" topic="c_overview.html">
<topic label="运输管理概述" href="c_overview.html">
<topic label="了解 TM 单据交换和通信" href="c_tm_user_understanding_tm_doc_exchange_comm.html">
<topic label="了解 Infor10 Supply Chain Execution 中的 TM 角色" href="c_tm_user_understanding_wm_workflow.html"/>
<topic label="了解承运人通信" href="c_tm_user_understanding_carrier_communications.html"/>
</topic>
</topic>
<topic label="设置运输管理" href="c_tm_user_setting_up_tm.html">
<topic label="TM 主数据要求" href="c_tm_user_setting_up_master_data.html"/>
<topic label="设置“费率和路由”访问权限" href="c_tm_user_setting_up_rnr_access_rules.html">
<topic label="Adding a staff user" href="t_tm_user_adding_staff_user.html"/>
<topic label="创建组织" href="t_tm_user_creating_organization.html"/>
<topic label="Adding admin users" href="t_tm_user_adding_admin_users.html"/>
</topic>
<topic label="定义配置规则" href="c_tm_user_defining_config_rules.html">
<topic label="了解默认配置规则" href="c_tm_user_understanding_default_config_rule.html"/>
<topic label="使用“配置规则”列表页" href="c_tm_user_working_config_rules_list_page.html"/>
<topic label="使用“配置规则”明细页" href="c_tm_user_working_config_rules_detail_page.html">
<topic label="定义单据流规则" href="c_tm_user_defining_doc_flow_rules.html"/>
<topic label="定义序列投标规则" href="c_tm_user_defining_sequential_tender_rules.html"/>
<topic label="定义手工投标规则" href="c_tm_user_defining_manual_tender_rules.html"/>
<topic label="定义修改规则" href="c_tm_user_defining_modification_rules.html"/>
<topic label="定义第三方付款方" href="c_tm_define_third_party_bill_to.html"/>
<topic label="了解配置规则优先级" href="c_tm_user_understanding_config_rule_priority.html">
<topic label="设置配置规则的优先级" href="t_tm_user_setting_priority_config_rule.html"/>
</topic>
</topic>
<topic label="创建配置规则" href="t_tm_user_creating_config_rule.html"/>
<topic label="更改配置规则" href="t_tm_user_changing_config_rule.html"/>
<topic label="删除配置规则" href="t_tm_user_deleting_config_rule.html"/>
<topic label="复制配置规则" href="t_tm_user_duplicating_config_rule.html"/>
</topic>
<topic label="了解包含 SPS 承运人的发货" href="c_tm_user_defining_rules_ignore_sps_carriers.html"/>
<topic label="了解时数简况" href="c_tm_user_understanding_hours_profiles.html">
<topic label="使用“时数简况”列表页" href="c_tm_user_working_hours_profile_list_page.html"/>
<topic label="使用“时数简况”明细页" href="c_tm_user_working_hours_profile_detail_page.html"/>
<topic label="创建时数简况" href="t_tm_user_creating_hours_profile.html"/>
<topic label="更新时数简况" href="t_tm_user_updating_hours_profile.html"/>
</topic>
<topic label="了解例外简况" href="c_tm_user_understanding_exceptions_profiles.html">
<topic label="使用“例外简况”列表页" href="c_tm_user_working_exceptions_profile_list_page.html"/>
<topic label="使用“例外简况”明细页" href="c_tm_user_working_exceptions_profile_detail_page.html"/>
<topic label="创建例外简况" href="t_tm_user_creating_exceptions_profile.html"/>
<topic label="更新例外简况" href="t_tm_user_updating_exceptions_profile.html"/>
</topic>
<topic label="配置承运人" href="c_tm_user_config_carriers.html">
<topic label="使用“承运人配置”列表页面" href="c_tm_user_working_carriers_list_page.html"/>
<topic label="使用“承运人配置”明细页面" href="c_tm_user_working_carriers_detail_page.html"/>
<topic label="配置承运人" href="t_tm_user_configuring_carrier.html"/>
</topic>
</topic>
<topic label="使用发货" href="c_tm_user_working_with_shipments.html">
<topic label="查看发货" href="c_tm_user_viewing_shipments.html">
<topic label="使用“发货”列表页" href="c_tm_user_working_shipment_list_page.html"/>
<topic label="使用“发货”明细页" href="c_tm_user_working_shipment_detail_page.html">
<topic label="查看货品信息" href="c_tm_user_viewing_item.html"/>
<topic label="查看单位信息" href="c_tm_user_viewing_unit.html"/>
<topic label="查看设备服务" href="c_tm_user_viewing_equipment_services.html"/>
<topic label="查看运费" href="c_tm_user_viewing_freight_charges.html"/>
<topic label="查看货运历史" href="c_tm_user_viewing_freight_history.html"/>
</topic>
<topic label="使用“站点发货”页" href="c_tm_user_working_stop_shipment_page.html"/>
<topic label="了解发货状态" href="c_tm_user_understanding_shipment_statuses.html"/>
</topic>
<topic label="处理发货" href="c_tm_user_processing_shipments.html">
<topic label="创建路线" href="t_tm_user_creating_route.html"/>
<topic label="投标发货" href="t_tm_user_tendering_shipment.html"/>
<topic label="选择发货的承运人" href="t_tm_user_selecting_carrier.html"/>
<topic label="了解优化" href="c_tm_user_understanding_optimization.html">
<topic label="将发货发送给优化操作" href="c_tm_user_sending_shipment_optimization.html"/>
<topic label="修改处于“优化候选项”状态的发货" href="c_tm_user_modifying_candidate_for_optimization_shipment.html"/>
<topic label="修改处于“优化”状态的发货" href="c_tm_user_modifying_optimizing_shipment.html"/>
<topic label="查找尚未优化的发货" href="t_tm_user_locating_shipments_not_optimized.html"/>
<topic label="在优化运行中包括发货" href="t_tm_user_ensuring_shipment_in_optimization_run.html"/>
<topic label="将发货排除在优化运行中之外" href="t_tm_user_excluding_shipment_from_optimization_run.html"/>
</topic>
</topic>
</topic>
<topic label="处理承运人路线的发货人视图" href="c_tm_user_working_with_carrier_routes.html">
<topic label="查看路线" href="c_tm_user_viewing_routes.html">
<topic label="使用“承运人路线”列表页面" href="c_tm_user_working_carrier_route_list_page.html">
<topic label="了解承运人路线状态" href="r_tm_user_understanding_statuses.html"/>
</topic>
<topic label="使用“承运人路线”明细页面" href="c_tm_user_working_carrier_route_detail_page.html"/>
<topic label="使用“发货承运人路线”页" href="c_tm_user_working_shipment_carrier_route_page.html">
<topic label="查看发货承运人路线的站点" href="c_tm_user_viewing_stops_scr.html">
<topic label="查看站点明细" href="c_tm_user_stop_details.html"/>
</topic>
<topic label="查看发货承运人路线的运费" href="c_tm_user_viewing_freight_charges_scr.html"/>
<topic label="查看发货承运人路线的其它服务" href="c_tm_user_viewing_other_services_scr.html"/>
</topic>
</topic>
<topic label="处理承运人路线" href="c_tm_user_processing_carrier_routes.html">
<topic label="分配承运人" href="t_tm_user_assigning_carrier.html"/>
<topic label="选择发货的承运人" href="t_tm_user_selecting_carrier.html"/>
<topic label="投标路线" href="t_tm_user_tendering_route.html"/>
<topic label="重投标路线" href="t_tm_user_retendering_route.html"/>
<topic label="取消投标" href="t_tm_user_canceling_tender.html"/>
</topic>
<topic label="查看替代承运人" href="c_tm_user_viewing_alternate_carriers.html">
<topic label="选择替代承运人" href="t_tm_user_selecting_alternate_carrier.html"/>
</topic>
</topic>
<topic label="了解投标流程" href="c_tm_user_understanding_tendering_process.html">
<topic label="投标选项" href="c_tm_user_tendering_options.html"/>
<topic label="投标通知选项" href="r_tm_user_tender_notification_options.html"/>
<topic label="投标响应选项" href="c_tm_user_tender_response_options.html"/>
<topic label="如果承运人接受路线" href="c_tm_user_carrier_accepts_route.html"/>
<topic label="如果承运人拒绝路线" href="c_tm_user_carrier_rejects_route.html"/>
<topic label="了解序列投标" href="c_tm_user_sequential_tendering.html">
<topic label="序列投标示例" href="r_tm_user_sequential_tender_examples.html"/>
</topic>
<topic label="了解投标超时" href="c_tm_user_understanding_tender_timeout.html">
<topic label="投标超时示例" href="r_tm_user_tender_timeout_examples.html"/>
</topic>
</topic>
<topic label="使用承运人路线的承运人视图" href="c_tm_user_working_wth_tm_carrier.html">
<topic label="使用“承运人路线”列表页面" href="c_tm_user_working_carrier_route_list_page_cv.html"/>
<topic label="使用“承运人路线”明细页面" href="c_tm_user_working_carrier_route_detail_page_cr.html"/>
<topic label="响应投标" href="c_tm_user_responding_tenders.html">
<topic label="接受路线" href="t_tm_user_accepting_route.html"/>
<topic label="拒绝路线" href="t_tm_user_rejecting_route.html"/>
</topic>
<topic label="维护跟踪号" href="t_tm_user_maintaining_tracking_numbers.html"/>
</topic>
<topic label="了解发货和承运人路线修改工作流程" href="c_tm_user_understanding_shipment_modification_workflow.html"/>
<topic label="使用 TM 报告" href="c_tm_user_using_reports.html">
<topic label="使用发货明细报告" href="c_tm_user_working_shipment_detail_reports.html">
<topic label="生成发货明细报告" href="t_tm_user_generating_shipment_detail_report.html"/>
</topic>
<topic label="使用承运人路线明细报告" href="c_tm_user_working_carrier_route_detail_reports.html">
<topic label="生成承运人路线明细报告" href="t_tm_user_generating_carrier_route_detail_report.html"/>
</topic>
<topic label="使用提单" href="c_tm_user_working_bill_of_lading.html">
<topic label="生成发货的提单" href="t_tm_user_generating_bill_of_lading.html"/>
</topic>
<topic label="使用主提单" href="c_tm_user_working_master_bill_of_lading.html">
<topic label="生成承运人路线的总提单" href="t_tm_user_generating_master_bill_of_lading.html"/>
</topic>
<topic label="使用优化节省报告" href="c_tm_user_working_opt_savings_report.html">
<topic label="生成优化节省报告" href="t_tm_user_generating_opt_savings_report.html"/>
</topic>
<topic label="使用承运人接受-拒绝报告" href="c_tm_user_working_carrier_accept_reject_report.html">
<topic label="生成承运人接受-拒绝报告" href="t_tm_user_generating_carrier_accept_reject_report.html"/>
</topic>
</topic>
<topic label="在 TM 中进行故障排除" href="c_tm_troubleshooting.html">
<topic label="查看有关特定发货或路线处理的信息" href="t_tm_view_info_proc_specific_shipment_route.html">
<topic label="路由和费率失败示例" href="c_tm_fail_rnr_example.html"/>
</topic>
<topic label="查看 TM 生成的 BODS" href="t_tm_view_tm-generated_bods.html"/>
<topic label="TM 应用程序服务器记录级别设置" href="c_tm_tm_server_log_level_settings.html">
<topic label="更改日志级别" href="t_tm_chg_log_level.html"/>
</topic>
</topic>
</toc>
