<?xml version="1.0" encoding="UTF-8"?>
<?NLS TYPE="org.eclipse.help.toc"?>
<toc label="第三方物流计费" topic="c_wm_billing_infor_scm_third_party_log_billing.html">
<topic label="概述">
<topic label="Infor SCE Third Party Logistics Billing 概述" href="c_wm_billing_infor_scm_third_party_log_billing.html"/>
<topic label="功能" href="c_wm_billing_functionality.html"/>
</topic>
<topic label="计费模块导航">
<topic label="访问 3PL Billing" href="t_wm_billing_accessing_3pl_billing.html"/>
<topic label="菜单组" href="c_wm_billing_menu_groups.html"/>
<topic label="应用程序屏幕概述" href="c_wm_billing_application_screen_overview.html"/>
<topic label="屏幕类型" href="c_wm_billing_types_of_screens.html"/>
<topic label="Common Screen Features" href="c_wm_billing_common_screen_features.html"/>
</topic>
<topic label="配置">
<topic label="配置关系" href="c_wm_billing_configuration_relationships.html"/>
<topic label="配置新仓库" href="c_wm_billing_configuring_a_new_facility.html"/>
<topic label="配置新客户合同" href="c_wm_billing_configuring_new_cust_contract.html">
<topic label="新合同配置清单" href="c_wm_billing_configuring_new_cust_checklist.html"/>
</topic>
<topic label="主数据更改" href="c_wm_billing_master_data_changes.html"/>
<topic label="合同和费率修订" href="c_wm_billing_contract_and_rate_revisions.html"/>
<topic label="配置页面" href="c_wm_billing_config_screens.html">
<topic label="仓储计费规则" href="c_wm_billing_config_screens_rr_recurring_rules.html">
<topic label="期段" href="c_wm_billing_config_screens_rr_period.html"/>
<topic label="节假日" href="c_wm_billing_config_screens_rr_holidays.html"/>
<topic label="库存日期" href="c_wm_billing_config_screens_rr_inventory_dates.html"/>
</topic>
<topic label="费率和费用页面" href="c_wm_billing_config_screens_rr_rates_charges..html"/>
<topic label="Masters Configuration Screens" href="c_wm_billing_config_screens_rr_master_config..html"/>
<topic label="计量单位明细" href="c_wm_billing_config_screens_rr_measurements.html"/>
<topic label="合同" href="c_wm_billing_config_screens_rr_contracts.html"/>
<topic label="安全页面" href="c_wm_billing_config_screens_rr_security.html"/>
</topic>
</topic>
<topic label="开票流程">
<topic label="开票流程" href="c_wm_billing_invoicing_process.html">
<topic label="编辑费用" href="t_wm_billing_invoicing_process_editing_charges.html"/>
<topic label="创建发票批次" href="t_wm_billing_invoicing_process_create_inv_batch.html"/>
<topic label="处理发票" href="t_wm_billing_invoicing_process_process_invoice.html"/>
</topic>
<topic label="页面信息" href="c_wm_billing_screen_information.html">
<topic label="费用管理页面" href="c_wm_billing_screen_information_charge_mgmt.html"/>
<topic label="发票管理页面" href="c_wm_billing_screen_information_invoice_mgmt.html"/>
</topic>
</topic>
<topic label="单据和报表">
<topic label="概述" href="c_wm_billing_doc_reports_overview.html">
<topic label="指定筛选条件" href="t_wm_billing_doc_reports_overview_filter_criteria.html"/>
<topic label="打印报表" href="t_wm_billing_doc_reports_overview_print_report.html"/>
<topic label="导出报表" href="t_wm_billing_doc_reports_overview_export_report.html"/>
</topic>
<topic label="开票报表" href="c_wm_billing_doc_reports_billing.html"/>
<topic label="收入报表" href="c_wm_billing_doc_reports_revenue.html"/>
<topic label="发票报表" href="c_wm_billing_doc_reports_invoice.html"/>
</topic>
</toc>
