<?xml version="1.0" encoding="UTF-8"?>
<?NLS TYPE="org.eclipse.help.toc"?>
<toc label="分拣" topic="c_wm_picking_picking_process_overview.html">
<topic label="拣货过程">
<topic label="拣货过程概述" href="c_wm_picking_picking_process_overview.html"/>
</topic>
<topic label="使用射频辅助式拣货和射频定向式拣货">
<topic label="射频拣货概述" href="c_wm_picking_rf_picking_overview.html"/>
<topic label="了解拣货和库存余额" href="t_wm_picking_understand_pick_inventory_balances.html"/>
<topic label="拣货菜单概述" href="c_wm_picking_pick_menu_overview.html"/>
<topic label="射频辅助式拣货" href="c_wm_picking_rfassisted_picking.html">
<topic label="执行按箱、件或托盘拣货 (OP01A)" href="t_wm_picking_rfassisted_picking_OP01A.html"/>
<topic label="使用“搜索拣货”选项 (LPK1)" href="t_wm_picking_rfassisted_picking_LPK1.html"/>
<topic label="使用“按箱 ID 拣货 (OP02A)”" href="t_wm_picking_rfassisted_picking_OP02A.html"/>
</topic>
<topic label="使用射频定向式拣货" href="c_wm_picking_using_rfdirected_picking.html">
<topic label="执行标准任务定向式拣货" href="t_wm_picking_using_rfdirected_std_task_directed.html"/>
<topic label="执行分组拣货" href="t_wm_picking_using_rfdirected_cluster_pick.html"/>
</topic>
<topic label="打印货箱标签和报告" href="t_wm_picking_print_container_labels_and_reports.html"/>
<topic label="为发货进行射频包装" href="c_wm_picking_rfpacking_for_shipment.html">
<topic label="处理包装" href="t_wm_picking_rfpacking_shipment_processing_pack.html"/>
<topic label="装载" href="t_wm_picking_rfpacking_for_shipment_loading.html"/>
</topic>
<topic label="通过 WM 工作站拣货" href="t_wm_picking_picking_from_the_wm_workstation.html"/>
</topic>
<topic label="拣货数量确认">
<topic label="数量确认概述" href="c_wm_picking_quantity_confirmation_overview.html"/>
<topic label="数量确认配置" href="t_wm_picking_quantity_confirmation_configuration.html"/>
<topic label="射频定向式拣货的数量确认" href="t_wm_picking_qty_confirm_for_rfdirected_picking.html"/>
<topic label="分组拣货的数量确认" href="t_wm_picking_qty_confirm_for_cluster_picking.html"/>
<topic label="RF 分组拣货验证方法" href="c_wm_picking_rf_cluster_pick_verification_method.html"/>
</topic>
<topic label="对拣货进行条件验证">
<topic label="条件验证概述" href="c_wm_picking_conditional_validation_overview.html"/>
<topic label="条件验证过程" href="c_wm_picking_conditional_validation_process.html"/>
<topic label="条件验证配置" href="t_wm_picking_conditional_validation_config.html"/>
<topic label="条件验证屏幕中的配置" href="t_wm_picking_config_condition_validation_screen.html"/>
<topic label="说明验证类型" href="c_wm_picking_describing_validation_types.html">
<topic label="分配后验证" href="c_wm_picking_describe_validation_post-allocation.html"/>
<topic label="拣货后验证" href="c_wm_picking_describe_validation_post-pick.html"/>
<topic label="射频定向式拣货过程" href="t_wm_picking_describe_validation_RF-directed.html"/>
<topic label="射频辅助式拣货过程" href="t_wm_picking_describe_validation_RF-assisted.html"/>
<topic label="发货前验证" href="c_wm_picking_describe_validation_pre-ship.html"/>
</topic>
</topic>
<topic label="RF 拣货的特殊说明">
<topic label="拣货特别说明概述" href="c_wm_picking_pick_special_instructions_overview.html"/>
<topic label="生成 RF 拣货的特别说明" href="t_wm_picking_generate_special_instruct_rf_picks.html"/>
<topic label="射频辅助式拣货的特殊说明" href="t_wm_picking_special_instruct_rfassisted_picking.html"/>
<topic label="在标准和分组拣货期间添加新箱 ID" href="c_wm_picking_add_case_id_std_cluster_picking.html"/>
<topic label="分组拣货的特别说明" href="t_wm_picking_special_instruct_cluster_picking.html"/>
</topic>
<topic label="在拣货期间添加新箱 ID">
<topic label="概述" href="c_wm_picking_overview.html"/>
<topic label="在标准和分组拣货期间添加新箱 ID" href="c_wm_picking_add_case_id_std_cluster_picking.html">
<topic label="在标准拣货期间添加新箱 ID" href="t_wm_picking_add_case_id_std_cluster_pick_std.html"/>
<topic label="创建其它箱 ID" href="t_wm_picking_add_case_id_std_cluster_addtnl_case.html"/>
<topic label="在分组拣货期间添加新周转箱 ID：" href="t_wm_picking_add_case_id_std_cluster_new_tote.html"/>
<topic label="创建其它箱 ID" href="t_wm_picking_add_case_id_std_cluster_another.html"/>
</topic>
<topic label="应用程序生成的箱 ID 标签" href="t_wm_picking_application_generate_case_id_labels.html"/>
</topic>
<topic label="RF 在周转箱之间移动内容">
<topic label="在周转箱之间移动内容概述" href="c_wm_picking_move_content_between_totes_overview.html"/>
<topic label="在周转箱之间移动内容" href="t_wm_picking_moving_contents_between_totes.html"/>
<topic label="箱 ID" href="t_wm_picking_case_ids.html"/>
<topic label="将一个箱 ID 的拣货明细记录移至一个落放 ID 上" href="t_wm_picking_move_detail_rec_case_id_to_drop_id.html"/>
</topic>
<topic label="RF 质量控制周转箱关闭">
<topic label="质量控制概述" href="c_wm_picking_quality_control_overview.html"/>
<topic label="查看工作站上的信息" href="t_wm_picking_viewing_info_on_workstation.html"/>
<topic label="通过 RF 装置关闭箱 ID 或落放 ID" href="t_wm_picking_close_case_or_drop_id_via_rf_device.html"/>
</topic>
<topic label="合并拣货">
<topic label="合并拣货概述" href="c_wm_picking_consolidated_picking_overview.html"/>
<topic label="配置合并拣货" href="t_wm_picking_configuring_consolidated_picking_.html"/>
<topic label="合并订单" href="t_wm_picking_consolidating_orders.html">
<topic label="创建要合并的订单波次" href="t_wm_picking_consolidating_orders_create_wave.html"/>
<topic label="合并订单" href="t_wm_picking_consolidating_orders_consolidate.html"/>
<topic label="为合并的订单拣货" href="c_wm_picking_consolidating_orders_picking.html"/>
<topic label="为订单补货" href="c_wm_picking_consolidating_orders_replenishing.html"/>
<topic label="为订单拣货" href="t_wm_picking_consolidating_orders_picking_order.html"/>
</topic>
</topic>
</toc>
