<?xml version="1.0" encoding="UTF-8"?>
<?NLS TYPE="org.eclipse.help.toc"?>
<toc label="简介和导航" topic="c_wm_intro_guide_interface_overview.html">
<topic label="用户界面导航">
<topic label="用户界面概述" href="c_wm_intro_guide_interface_overview.html"/>
<topic label="工作站用户界面" href="c_wm_intro_guide_workstation_user_interface.html"/>
<topic label="RF 屏幕用户界面" href="c_wm_intro_guide_rf_screen_user_interface.html"/>
</topic>
<topic label="登录及使用 WM Workbench" href="c_wm_intro_guide_logon_overview.html">
<topic label="登录工作站" href="t_wm_intro_guide_log_on.html"/>
<topic label="注销工作站" href="t_wm_intro_guide_log_off.html"/>
<topic label="登录到 RF 装置" href="t_wm_intro_guide_log_onto_scm_wm_on_an_rf_device.html"/>
<topic label="注销 RF 装置" href="t_wm_intro_guide_log_off_rf_device.html"/>
<topic label="选择仓库" href="t_wm_intro_guide_selecting_a_facility.html"/>
<topic label="WM Workbench 结构" href="c_wm_intro_guide_wm_workbench_mechanics.html"/>
<topic label="“收藏夹”下拉列表" href="c_wm_intro_guide_favorites.html">
<topic label="将屏幕添加到“收藏夹”下拉列表" href="t_wm_intro_guide_add_favorites.html"/>
<topic label="从“收藏夹”下拉式列表中删除屏幕" href="t_wm_intro_guide_remove_favorites.html"/>
</topic>
<topic label="屏幕组" href="c_wm_intro_guide_screen_groups.html"/>
</topic>
<topic label="使用屏幕" href="c_wm_intro_guide_screen_overview.html">
<topic label="配置“主页”屏幕" href="t_wm_intro_guide_configuring_the_home_screen.html"/>
<topic label="应用程序工具栏" href="c_wm_intro_guide_application_toolbar.html"/>
<topic label="典型的屏幕布局" href="c_wm_intro_guide_typical_screen_layout.html"/>
<topic label="屏幕工具栏" href="c_wm_intro_guide_screen_toolbar.html"/>
<topic label="列表视图屏幕" href="c_wm_intro_guide_list_view_screens.html">
<topic label="使用“搜索”功能" href="c_wm_intro_guide_search.html"/>
<topic label="选择记录" href="c_wm_intro_guide_select_record.html"/>
<topic label="显示记录明细" href="c_wm_intro_guide_display_detail_records.html"/>
<topic label="使用列表视图字段" href="c_wm_intro_guide_list_views.html"/>
</topic>
<topic label="表单视图屏幕" href="c_wm_intro_guide_form_view_screens.html">
<topic label="在表单视图字段中添加信息" href="c_wm_intro_guide_add_info_form_view_fields.html"/>
</topic>
<topic label="明细屏幕" href="c_wm_intro_guide_detail_screens.html"/>
<topic label="搜索屏幕" href="c_wm_intro_guide_search_screens.html">
<topic label="使用搜索屏幕" href="t_wm_intro_guide_use_search.html">
<topic label="使用搜索屏幕" href="t_wm_intro_guide_use_search.html"/>
</topic>
</topic>
<topic label="图表屏幕" href="../navigation/charts_help.html"/>
<topic label="“搜索”功能" href="c_wm_intro_guide_search_feature.html">
<topic label="显示记录子集" href="t_wm_intro_guide_display_subset_recordsxml.html"/>
<topic label="搜索限定符 (%)" href="c_wm_intro_guide_search_qualifier.html"/>
</topic>
<topic label="“查找”功能" href="c_wm_intro_guide_lookup_feature.html">
<topic label="使用“查找”功能" href="t_wm_intro_guide_use_lookup.html"/>
</topic>
<topic label="下拉式列表" href="c_wm_intro_guide_drop_down_lists.html">
<topic label="使用下拉式列表" href="t_wm_intro_guide_use_dropdowns.html"/>
</topic>
<topic label="“日历”功能" href="c_wm_intro_guide_calendar_feature.html">
<topic label="使用“日历”功能" href="t_wm_intro_guide_use_calendar.html"/>
</topic>
<topic label="创建新记录" href="t_wm_intro_guide_creating_new_records.html"/>
<topic label="行动" href="c_wm_intro_guide_actions.html">
<topic label="对记录执行行动" href="t_wm_intro_guide_perform_action.html"/>
</topic>
<topic label="导入和导出记录" href="c_wm_intro_guide_excel_import_export.html">
<topic label="通过主导入功能导入 Excel 电子表格" href="submit_jobs_help.html"/>
<topic label="查看导入日志" href="import_logs_help.html"/>
</topic>
<topic label="屏幕标签" href="c_wm_intro_guide_screen_tabs.html"/>
</topic>
<topic label="使用快捷键" href="c_wm_intro_guide_shortcut_keys.html"/>
</toc>
