<?xml version="1.0" encoding="UTF-8"?>
<?NLS TYPE="org.eclipse.help.toc"?>
<toc label="作业计划程序" topic="c_wm_scheduler_overview.html">
<topic label="作业计划程序概述" href="c_wm_scheduler_overview.html"/>
<topic label="作业计划程序维护">
<topic label="维护作业计划程序作业" href="t_wm_scheduler_scheduling_steps.html">
<topic label="创建作业" href="job_list_help.html"/>
<topic label="删除作业" href="t_wm_scheduler_delete_jobs.html"/>
<topic label="计划作业" href="jobs_help.html"/>
<topic label="查看作业状态和历史" href="status_history_help.html"/>
</topic>
</topic>
</toc>
