<?xml version="1.0" encoding="UTF-8"?>
<?NLS TYPE="org.eclipse.help.toc"?>
<toc label="批量拣货" topic="c_wm_bp_bp_overview.html">
<topic label="批量拣货">
<topic label="批量拣货概述" href="c_wm_bp_bp_overview.html">
<topic label="使用批量拣货" href="c_wm_bp_using_batch_picking.html"/>
<topic label="常见批量拣货实例" href="c_wm_bp_common_bp_scenarios.html"/>
<topic label="序列号跟踪" href="c_wm_bp_serial_number_tracking.html"/>
</topic>
<topic label="批量拣货配置概述" href="c_wm_bp_bp_configuration_overview.html">
<topic label="批次" href="c_wm_bp_batches.html"/>
<topic label="分类" href="c_wm_bp_sortation.html"/>
</topic>
</topic>
<topic label="批量拣货配置">
<topic label="批量拣货配置概述" href="c_wm_bp_bp_configuration_overview.html"/>
<topic label="批纸箱组" href="c_wm_bp_batch_carton_groups.html">
<topic label="添加批纸箱组" href="t_wm_bp_adding_batch_carton_groups.html"/>
<topic label="货品批纸箱组配置" href="c_wm_bp_item_batch_carton_group_config.html">
<topic label="配置货品批纸箱组" href="t_wm_bp_configure_item_batch_carton_group.html"/>
</topic>
</topic>
<topic label="分类站" href="c_wm_bp_sortation_stations.html">
<topic label="配置分类站" href="t_wm_bp_configuring_sortation_stations.html"/>
</topic>
</topic>
<topic label="创建和完成批量拣货订单">
<topic label="为批量订单创建波次" href="c_wm_bp_creating_waves_to_batch_orders.html">
<topic label="第 1 阶段：为批次创建订单波次" href="t_wm_bp_phase_1_create_wave_orders_batch.html"/>
<topic label="第 2 阶段：批处理订单" href="t_wm_bp_phase_2_batch_orders.html">
<topic label="撤消对订单的批量处理" href="t_wm_bp_unbatching_orders.html"/>
</topic>
</topic>
<topic label="完成批量拣货订单" href="c_wm_bp_fulfilling_bp_orders.html">
<topic label="第 3 阶段：移动至批量分类站" href="t_wm_bp_phase_3_move_to_batch_sort_station.html"/>
<topic label="第 4 阶段：分类至出货货箱" href="t_wm_bp_phase_4_sort_into_outbnd_contain.html"/>
<topic label="第 5 阶段：将产品分配至出货货箱" href="t_wm_bp_phase_5_assign_prod_outbnd_contain.html"/>
</topic>
<topic label="了解各种选项" href="c_wm_bp_learning_about_various_options.html">
<topic label="创建新的货箱号" href="t_wm_bp_creating_a_new_container_number.html"/>
</topic>
<topic label="术语" href="c_wm_bp_terminology.html">
<topic label="状态" href="c_wm_bp_terminology_status.html"/>
<topic label="落放 ID" href="c_wm_bp_terminology_drop_id.html"/>
<topic label="拣货注释" href="c_wm_bp_terminology_picking_notes.html"/>
<topic label="拣货后验证" href="c_wm_bp_terminology_post_pick_validation.html"/>
<topic label="序列号自始至终捕获、重量或数据获取" href="c_wm_bp_terminology_end_to_end.html"/>
<topic label="RF 定向式装货" href="c_wm_bp_terminology_rf_directed_loading.html"/>
<topic label="发运" href="c_wm_bp_terminology_shipping.html"/>
</topic>
</topic>
</toc>
