<?xml version="1.0" encoding="UTF-8"?>
<?NLS TYPE="org.eclipse.help.toc"?>
<toc label="越库配送" topic="c_wm_cd_crossdock_overview.html">
<topic label="越库配送">
<topic label="越库配送概述" href="c_wm_cd_crossdock_overview.html"/>
</topic>
<topic label="越库">
<topic label="越库概述" href="c_wm_cd_flowthru_overview.html"/>
<topic label="确认越库库存" href="t_wm_cd_confirming_flowthru_inventory.html"/>
<topic label="接收越库库存" href="c_wm_cd_receive_flow_thru_inv.html">
<topic label="执行拣货到输送机收货" href="t_wm_cd_performing_pick_to_belt_receiving.html"/>
</topic>
<topic label="回转收货" href="t_wm_cd_reversing_receipts.html"/>
<topic label="使用标签重印" href="t_wm_cd_using_label_reprint.html"/>
<topic label="分配越库库存" href="t_wm_cd_allocating_flowthru_inventory.html"/>
<topic label="拣选越库库存" href="c_wm_cd_picking_flowthru_inventory.html">
<topic label="为货主配置任务越库配送控制" href="t_wm_cd_picking_flowthru_configure_to_owner.html"/>
<topic label="为任务创建配置区域" href="t_wm_cd_picking_flowthru_configure_zone.html"/>
</topic>
<topic label="移动越库库存" href="t_wm_cd_moving_flowthru_inventory.html"/>
<topic label="查看越库订单信息" href="flow_thru_order_help.html"/>
</topic>
<topic label="自动分配的配给">
<topic label="规则类型" href="c_wm_cd_rule_types.html"/>
<topic label="为货主配置自动分配" href="t_wm_cd_config_owner_for_auto_apportionment.html"/>
<topic label="查看货主分配状态" href="flow_thru_apportionment_help.html"/>
<topic label="基于百分比的分配" href="c_wm_cd_percentage_based_apportionment.html"/>
<topic label="将越库订单转换为出货订单" href="flow_thru_order_conversion_help.html"/>
<topic label="在没有采购订单的情况下执行越库接收" href="t_wm_cd_flowthru_receive_without_purch_order.html"/>
</topic>
<topic label="机会性越库配送">
<topic label="机会性越库配送概述" href="c_wm_cd_opportunistic_crossdock_overview.html"/>
<topic label="机会性越库配送配置" href="order_sequence_strategy_help.html"/>
<topic label="机会性分配" href="opportunistic_allocation_help.html">
<topic label="查看机会性越库配送记录" href="t_wm_cd_view_opp_crossdock_records.html"/>
<topic label="手工机会性分配" href="t_wm_cd_manual_opp_allocation.html"/>
</topic>
<topic label="机会性处理流程" href="c_wm_cd_opportunistic_process_flow.html">
<topic label="查看机会性越库配送记录" href="t_wm_cd_view_opp_crossdock_records.html"/>
<topic label="在机会性分配和上架之间分割收货" href="t_wm_cd_receipt_split_opp_allocation_putaway.html"/>
<topic label="将接收的全部数量分配给多个订单" href="t_wm_cd_allocate_entire_qty_rcvd_mult_orders.html"/>
<topic label="将接收的全部数量分配给一个订单" href="t_wm_cd_allocate_entire_qty_rcvd_single_order.html"/>
</topic>
</topic>
<topic label="转运">
<topic label="接收转运货箱" href="transship_help.html"/>
<topic label="验证转运货箱" href="t_wm_cd_verifying_transship_containers.html"/>
<topic label="创建转运 ASN（预先发货通知）" href="transship_asn_help.html"/>
<topic label="关闭转运 ASN" href="t_wm_cd_closing_a_transship_asn.html"/>
<topic label="移动转运货箱" href="t_wm_cd_moving_transship_containers.html"/>
<topic label="管理转运装载" href="t_wm_cd_managing_transship_loads.html"/>
<topic label="检索 RF 定向式装载任务" href="t_wm_cd_retrieving_rf_directed_load_tasks.html"/>
<topic label="发运转运货箱" href="t_wm_cd_shipping_transship_containers.html"/>
<topic label="管理转运记录" href="t_wm_cd_managing_transship_records.html"/>
</topic>
<topic label="其它操作">
<topic label="其它操作概述" href="c_wm_cd_additional_operations_overview.html"/>
<topic label="合并装货" href="t_wm_cd_consolidating_loads.html"/>
<topic label="查询箱" href="t_wm_cd_inquiring_about_cases.html"/>
<topic label="打印出货单据" href="t_wm_cd_printing_outbound_documents.html"/>
<topic label="管理标签" href="t_wm_cd_managing_labels.html"/>
<topic label="管理巷道" href="lane_help.html"/>
<topic label="生成越库配送报告" href="t_wm_cd_generating_crossdock_reports.html"/>
</topic>
</toc>
